Comment,cleanComment,resultCaseFolding,resultReplaceSlang,resultTokenize,resultStopword,resultStemming,sentimen
 @imamupayanto    itu terlalu jauh.  Dunia kita yg real ya tetep yang utama. Memangnya MENANAM PADI itu di dunia online???   Manusia butuh makan yg hanya tersedia melalu dunia nyata,itu terlalu jauh Dunia kita yg real ya tetep yang utama Memangnya MENANAM PADI itu di dunia online Manusia butuh makan yg hanya tersedia melalu dunia nyata,itu terlalu jauh dunia kita yg real ya tetep yang utama memangnya menanam padi itu di dunia online manusia butuh makan yg hanya tersedia melalu dunia nyata,itu terlalu jauh dunia kita yang real iya tetep yang utama memangnya menanam padi itu di dunia online manusia butuh makan yang hanya tersedia melalu dunia nyata,"['itu', 'terlalu', 'jauh', 'dunia', 'kita', 'yang', 'real', 'iya', 'tetep', 'yang', 'utama', 'memangnya', 'menanam', 'padi', 'itu', 'di', 'dunia', 'online', 'manusia', 'butuh', 'makan', 'yang', 'hanya', 'tersedia', 'melalu', 'dunia', 'nyata']","['dunia', 'real', 'iya', 'tetep', 'utama', 'memangnya', 'menanam', 'padi', 'dunia', 'online', 'manusia', 'butuh', 'makan', 'tersedia', 'melalu', 'dunia', 'nyata']","['dunia', 'real', 'iya', 'tetep', 'utama', 'memang', 'tanam', 'padi', 'dunia', 'online', 'manusia', 'butuh', 'makan', 'sedia', 'lalu', 'dunia', 'nyata']",negatif
"Memang bisa berubah, tetapi tidak drastis, karena chatGPT tidak bisa melakukan kalkulasi yg komplek",Memang bisa berubah tetapi tidak drastis karena chatGPT tidak bisa melakukan kalkulasi yg komplek,memang bisa berubah tetapi tidak drastis karena chatgpt tidak bisa melakukan kalkulasi yg komplek,memang bisa berubah tetapi tidak drastis karena chatgpt tidak bisa melakukan kalkulasi yang komplek,"['memang', 'bisa', 'berubah', 'tetapi', 'tidak', 'drastis', 'karena', 'chatgpt', 'tidak', 'bisa', 'melakukan', 'kalkulasi', 'yang', 'komplek']","['berubah', 'drastis', 'chatgpt', 'kalkulasi', 'komplek']","['ubah', 'drastis', 'chatgpt', 'kalkulasi', 'komplek']",negatif
ini ibarat www di tahun 1995-2000 ya?l,ini ibarat www di tahun - ya l,ini ibarat www di tahun - ya l,ini ibarat www di tahun - iya l,"['ini', 'ibarat', 'www', 'di', 'tahun', '-', 'iya', 'l']","['www', '-', 'iya']","['www', '-', 'iya']",negatif
" @imamupayanto  blockchain is a scam, sesuatu yg minim regulasi tidak akan berhasil",blockchain is a scam sesuatu yg minim regulasi tidak akan berhasil,blockchain is a scam sesuatu yg minim regulasi tidak akan berhasil,blockchain is a scam sesuatu yang minim regulasi tidak akan berhasil,"['blockchain', 'is', 'a', 'scam', 'sesuatu', 'yang', 'minim', 'regulasi', 'tidak', 'akan', 'berhasil']","['blockchain', 'is', 'scam', 'minim', 'regulasi', 'berhasil']","['blockchain', 'is', 'scam', 'minim', 'regulasi', 'hasil']",negatif
" @ikengikengKimoshi  Lebih jauh dari itu, bahkan lebih mudah mendidik AI daripada mendidik manusia. Untuk mendidik 1 manusia butuh 4 tahun, dengan AI seperti chat gpt, tinggal di kloning dan memiliki kecerdasn yang sama, katakan butuh waktu hanya 1 hari.",Lebih jauh dari itu bahkan lebih mudah mendidik AI daripada mendidik manusia Untuk mendidik manusia butuh tahun dengan AI seperti chat gpt tinggal di kloning dan memiliki kecerdasn yang sama katakan butuh waktu hanya hari,lebih jauh dari itu bahkan lebih mudah mendidik ai daripada mendidik manusia untuk mendidik manusia butuh tahun dengan ai seperti chat gpt tinggal di kloning dan memiliki kecerdasn yang sama katakan butuh waktu hanya hari,lebih jauh dari itu bahkan lebih mudah mendidik ai daripada mendidik manusia untuk mendidik manusia butuh tahun dengan ai seperti chat gpt tinggal di kloning dan memiliki kecerdasn yang sama katakan butuh waktu hanya hari,"['lebih', 'jauh', 'dari', 'itu', 'bahkan', 'lebih', 'mudah', 'mendidik', 'ai', 'daripada', 'mendidik', 'manusia', 'untuk', 'mendidik', 'manusia', 'butuh', 'tahun', 'dengan', 'ai', 'seperti', 'chat', 'gpt', 'tinggal', 'di', 'kloning', 'dan', 'memiliki', 'kecerdasn', 'yang', 'sama', 'katakan', 'butuh', 'waktu', 'hanya', 'hari']","['mudah', 'mendidik', 'ai', 'mendidik', 'manusia', 'mendidik', 'manusia', 'butuh', 'ai', 'chat', 'gpt', 'tinggal', 'kloning', 'memiliki', 'kecerdasn', 'butuh']","['mudah', 'didik', 'ai', 'didik', 'manusia', 'didik', 'manusia', 'butuh', 'ai', 'chat', 'gpt', 'tinggal', 'kloning', 'milik', 'kecerdasn', 'butuh']",negatif
" @biman1422  njir, teknologi dibilang dukun",njir teknologi dibilang dukun,njir teknologi dibilang dukun,njir teknologi dibilang dukun,"['njir', 'teknologi', 'dibilang', 'dukun']","['njir', 'teknologi', 'dibilang', 'dukun']","['njir', 'teknologi', 'bilang', 'dukun']",negatif
Kita kembali ke pendidikan syariah yg tanpa riba,Kita kembali ke pendidikan syariah yg tanpa riba,kita kembali ke pendidikan syariah yg tanpa riba,kita kembali ke pendidikan syariah yang tanpa riba,"['kita', 'kembali', 'ke', 'pendidikan', 'syariah', 'yang', 'tanpa', 'riba']","['pendidikan', 'syariah', 'riba']","['didik', 'syariah', 'riba']",negatif
 @imamupayanto Contohnya teknologi Metaverse yg memungkin setiap orang mampu memiliki harta di dunia maya & semua kembali kepada manusia yg memiliki harta/uang banyak di dunia nyata yg mampu melakukan hal tsb.,Contohnya teknologi Metaverse yg memungkin setiap orang mampu memiliki harta di dunia maya semua kembali kepada manusia yg memiliki harta uang banyak di dunia nyata yg mampu melakukan hal tsb,contohnya teknologi metaverse yg memungkin setiap orang mampu memiliki harta di dunia maya semua kembali kepada manusia yg memiliki harta uang banyak di dunia nyata yg mampu melakukan hal tsb,contohnya teknologi metaverse yang memungkin setiap orang mampu memiliki harta di dunia maya semua kembali kepada manusia yang memiliki harta uang banyak di dunia nyata yang mampu melakukan hal tersebut,"['contohnya', 'teknologi', 'metaverse', 'yang', 'memungkin', 'setiap', 'orang', 'mampu', 'memiliki', 'harta', 'di', 'dunia', 'maya', 'semua', 'kembali', 'kepada', 'manusia', 'yang', 'memiliki', 'harta', 'uang', 'banyak', 'di', 'dunia', 'nyata', 'yang', 'mampu', 'melakukan', 'hal', 'tersebut']","['contohnya', 'teknologi', 'metaverse', 'memungkin', 'orang', 'memiliki', 'harta', 'dunia', 'maya', 'manusia', 'memiliki', 'harta', 'uang', 'dunia', 'nyata']","['contoh', 'teknologi', 'metaverse', 'mungkin', 'orang', 'milik', 'harta', 'dunia', 'maya', 'manusia', 'milik', 'harta', 'uang', 'dunia', 'nyata']",negatif
 @sn5301679  pertanyaanya negara ini sudah maju atau blm? Indonesia itu teknologi belakangan politik lah yg terdepan,pertanyaanya negara ini sudah maju atau blm Indonesia itu teknologi belakangan politik lah yg terdepan,pertanyaanya negara ini sudah maju atau blm indonesia itu teknologi belakangan politik lah yg terdepan,pertanyaanya negara ini sudah maju atau belum indonesia itu teknologi belakangan politik lah yang terdepan,"['pertanyaanya', 'negara', 'ini', 'sudah', 'maju', 'atau', 'belum', 'indonesia', 'itu', 'teknologi', 'belakangan', 'politik', 'lah', 'yang', 'terdepan']","['pertanyaanya', 'negara', 'maju', 'indonesia', 'teknologi', 'politik', 'terdepan']","['pertanyaanya', 'negara', 'maju', 'indonesia', 'teknologi', 'politik', 'depan']",negatif
"Sebagai penulis artikel, Saya sepakat teknologi ini bisa sangat membantu kegiatan menulis, namun teknologi ini juga bisa menjadi ancaman jika usernya tidak bijaksana.",Sebagai penulis artikel Saya sepakat teknologi ini bisa sangat membantu kegiatan menulis namun teknologi ini juga bisa menjadi ancaman jika usernya tidak bijaksana,sebagai penulis artikel saya sepakat teknologi ini bisa sangat membantu kegiatan menulis namun teknologi ini juga bisa menjadi ancaman jika usernya tidak bijaksana,sebagai penulis artikel saya sepakat teknologi ini bisa sangat membantu kegiatan menulis namun teknologi ini juga bisa menjadi ancaman jika usernya tidak bijaksana,"['sebagai', 'penulis', 'artikel', 'saya', 'sepakat', 'teknologi', 'ini', 'bisa', 'sangat', 'membantu', 'kegiatan', 'menulis', 'namun', 'teknologi', 'ini', 'juga', 'bisa', 'menjadi', 'ancaman', 'jika', 'usernya', 'tidak', 'bijaksana']","['penulis', 'artikel', 'sepakat', 'teknologi', 'membantu', 'kegiatan', 'menulis', 'teknologi', 'ancaman', 'usernya', 'bijaksana']","['tulis', 'artikel', 'sepakat', 'teknologi', 'bantu', 'giat', 'tulis', 'teknologi', 'ancam', 'usernya', 'bijaksana']",negatif
 @itsvan5791  lah malah ngata2in org,lah malah ngata in org,lah malah ngata in org,lah malah ngata in orang,"['lah', 'malah', 'ngata', 'in', 'orang']","['ngata', 'in', 'orang']","['ngata', 'in', 'orang']",negatif
 @lifeisneverthesame910  ya dihitung tapi tetep aja banyak tergantikan,ya dihitung tapi tetep aja banyak tergantikan,ya dihitung tapi tetep aja banyak tergantikan,iya dihitung tapi tetep aja banyak tergantikan,"['iya', 'dihitung', 'tapi', 'tetep', 'aja', 'banyak', 'tergantikan']","['iya', 'dihitung', 'tetep', 'aja', 'tergantikan']","['iya', 'hitung', 'tetep', 'aja', 'ganti']",negatif
 @belajaringgris6485  untuk konstruksi belum bisa. faktanya begitu.,untuk konstruksi belum bisa faktanya begitu,untuk konstruksi belum bisa faktanya begitu,untuk konstruksi belum bisa faktanya begitu,"['untuk', 'konstruksi', 'belum', 'bisa', 'faktanya', 'begitu']","['konstruksi', 'faktanya']","['konstruksi', 'fakta']",negatif
" @salmanalfarisi4174  miris, ga punya etika",miris ga punya etika,miris ga punya etika,miris tidak punya etika,"['miris', 'tidak', 'punya', 'etika']","['miris', 'etika']","['miris', 'etika']",negatif
"Makanya saya tidak menuntut anak saya untuk jadi juara kelas disekolah. Saya malah mendukung kreativitas yg dimiliki anak saya. Mungkin untuk 20-30 tahun yg akan datang, pekerjaan dibidang pertanianlah yg masih bisa diandalkan, yg blm bisa tergantikan sepenuhnya oleh AI",Makanya saya tidak menuntut anak saya untuk jadi juara kelas disekolah Saya malah mendukung kreativitas yg dimiliki anak saya Mungkin untuk - tahun yg akan datang pekerjaan dibidang pertanianlah yg masih bisa diandalkan yg blm bisa tergantikan sepenuhnya oleh AI,makanya saya tidak menuntut anak saya untuk jadi juara kelas disekolah saya malah mendukung kreativitas yg dimiliki anak saya mungkin untuk - tahun yg akan datang pekerjaan dibidang pertanianlah yg masih bisa diandalkan yg blm bisa tergantikan sepenuhnya oleh ai,makanya saya tidak menuntut anak saya untuk jadi juara kelas disekolah saya malah mendukung kreativitas yang dimiliki anak saya mungkin untuk - tahun yang akan datang pekerjaan dibidang pertanianlah yang masih bisa diandalkan yang belum bisa tergantikan sepenuhnya oleh ai,"['makanya', 'saya', 'tidak', 'menuntut', 'anak', 'saya', 'untuk', 'jadi', 'juara', 'kelas', 'disekolah', 'saya', 'malah', 'mendukung', 'kreativitas', 'yang', 'dimiliki', 'anak', 'saya', 'mungkin', 'untuk', '-', 'tahun', 'yang', 'akan', 'datang', 'pekerjaan', 'dibidang', 'pertanianlah', 'yang', 'masih', 'bisa', 'diandalkan', 'yang', 'belum', 'bisa', 'tergantikan', 'sepenuhnya', 'oleh', 'ai']","['menuntut', 'anak', 'juara', 'kelas', 'disekolah', 'mendukung', 'kreativitas', 'dimiliki', 'anak', '-', 'pekerjaan', 'dibidang', 'pertanianlah', 'diandalkan', 'tergantikan', 'sepenuhnya', 'ai']","['tuntut', 'anak', 'juara', 'kelas', 'seko', 'dukung', 'kreativitas', 'milik', 'anak', '-', 'kerja', 'bidang', 'tani', 'andal', 'ganti', 'sepenuh', 'ai']",negatif
"Tapi ingat bahwa chat gpt, berdampak buruk terutama mampu membuat puisi cinta dan juga mampu membuat mahasiswa lulus tes pekerjaan hanya pakai Ai terlebih jika makin banyak yang salah gunakan chat gpt ini sehebat apapun manusia Bakalan terbongkar kalau dia pakar palsu",Tapi ingat bahwa chat gpt berdampak buruk terutama mampu membuat puisi cinta dan juga mampu membuat mahasiswa lulus tes pekerjaan hanya pakai Ai terlebih jika makin banyak yang salah gunakan chat gpt ini sehebat apapun manusia Bakalan terbongkar kalau dia pakar palsu,tapi ingat bahwa chat gpt berdampak buruk terutama mampu membuat puisi cinta dan juga mampu membuat mahasiswa lulus tes pekerjaan hanya pakai ai terlebih jika makin banyak yang salah gunakan chat gpt ini sehebat apapun manusia bakalan terbongkar kalau dia pakar palsu,tapi ingat bahwa chat gpt berdampak buruk terutama mampu membuat puisi cinta dan juga mampu membuat mahasiswa lulus tes pekerjaan hanya pakai ai terlebih jika makin banyak yang salah gunakan chat gpt ini sehebat apapun manusia bakalan terbongkar kalau dia pakar palsu,"['tapi', 'ingat', 'bahwa', 'chat', 'gpt', 'berdampak', 'buruk', 'terutama', 'mampu', 'membuat', 'puisi', 'cinta', 'dan', 'juga', 'mampu', 'membuat', 'mahasiswa', 'lulus', 'tes', 'pekerjaan', 'hanya', 'pakai', 'ai', 'terlebih', 'jika', 'makin', 'banyak', 'yang', 'salah', 'gunakan', 'chat', 'gpt', 'ini', 'sehebat', 'apapun', 'manusia', 'bakalan', 'terbongkar', 'kalau', 'dia', 'pakar', 'palsu']","['chat', 'gpt', 'berdampak', 'buruk', 'puisi', 'cinta', 'mahasiswa', 'lulus', 'tes', 'pekerjaan', 'pakai', 'ai', 'salah', 'chat', 'gpt', 'sehebat', 'apapun', 'manusia', 'terbongkar', 'pakar', 'palsu']","['chat', 'gpt', 'dampak', 'buruk', 'puisi', 'cinta', 'mahasiswa', 'lulus', 'tes', 'kerja', 'pakai', 'ai', 'salah', 'chat', 'gpt', 'hebat', 'apa', 'manusia', 'bongkar', 'pakar', 'palsu']",negatif
"wah iya juga ya, gak kepikiran gw.",wah iya juga ya gak kepikiran gw,wah iya juga ya gak kepikiran gw,wah iya juga iya tidak kepikiran saya,"['wah', 'iya', 'juga', 'iya', 'tidak', 'kepikiran', 'saya']","['iya', 'iya', 'kepikiran']","['iya', 'iya', 'pikir']",negatif
 @lutfiadam3225  ya beda lah. dari skin aja udh ketauan,ya beda lah dari skin aja udh ketauan,ya beda lah dari skin aja udh ketauan,iya beda lah dari skin aja sudah ketauan,"['iya', 'beda', 'lah', 'dari', 'skin', 'aja', 'sudah', 'ketauan']","['iya', 'beda', 'skin', 'aja', 'ketauan']","['iya', 'beda', 'skin', 'aja', 'tau']",negatif
 @filipadriann9513  nanti size gamenya jadi bengkak.,nanti size gamenya jadi bengkak,nanti size gamenya jadi bengkak,nanti size gamenya jadi bengkak,"['nanti', 'size', 'gamenya', 'jadi', 'bengkak']","['size', 'gamenya', 'bengkak']","['size', 'gamenya', 'bengkak']",negatif
semoga anggota DPR kedepannya bisa di kerjakan chatGPT,semoga anggota DPR kedepannya bisa di kerjakan chatGPT,semoga anggota dpr kedepannya bisa di kerjakan chatgpt,semoga anggota dpr kedepannya bisa di kerjakan chatgpt,"['semoga', 'anggota', 'dpr', 'kedepannya', 'bisa', 'di', 'kerjakan', 'chatgpt']","['semoga', 'anggota', 'dpr', 'kedepannya', 'kerjakan', 'chatgpt']","['moga', 'anggota', 'dpr', 'depan', 'kerja', 'chatgpt']",negatif
Setuju ,Setuju,setuju,setuju,['setuju'],['setuju'],['tuju'],negatif
Krn itu bubarkan dpr (agar anggaran keuangan negara terselamatkan dr pemborosan yg tdk berguna tdk ada kegunaanya dr para anggota dpr yg lbh banyak dungunya),Krn itu bubarkan dpr agar anggaran keuangan negara terselamatkan dr pemborosan yg tdk berguna tdk ada kegunaanya dr para anggota dpr yg lbh banyak dungunya,krn itu bubarkan dpr agar anggaran keuangan negara terselamatkan dr pemborosan yg tdk berguna tdk ada kegunaanya dr para anggota dpr yg lbh banyak dungunya,karena itu bubarkan dpr agar anggaran keuangan negara terselamatkan dari pemborosan yang tidak berguna tidak ada kegunaanya dari para anggota dpr yang lebih banyak dungunya,"['karena', 'itu', 'bubarkan', 'dpr', 'agar', 'anggaran', 'keuangan', 'negara', 'terselamatkan', 'dari', 'pemborosan', 'yang', 'tidak', 'berguna', 'tidak', 'ada', 'kegunaanya', 'dari', 'para', 'anggota', 'dpr', 'yang', 'lebih', 'banyak', 'dungunya']","['bubarkan', 'dpr', 'anggaran', 'keuangan', 'negara', 'terselamatkan', 'pemborosan', 'berguna', 'kegunaanya', 'anggota', 'dpr', 'dungunya']","['bubar', 'dpr', 'anggar', 'uang', 'negara', 'selamat', 'boros', 'guna', 'kegunaanya', 'anggota', 'dpr', 'dungu']",negatif
Setuju! Jadi menghapus Korupsi/Kolusi/Non Produktif. Mari dukung Pencalonan AI jadi Ketua & Anggota DPR/MPR RI!!!,Setuju Jadi menghapus Korupsi Kolusi Non Produktif Mari dukung Pencalonan AI jadi Ketua Anggota DPR MPR RI,setuju jadi menghapus korupsi kolusi non produktif mari dukung pencalonan ai jadi ketua anggota dpr mpr ri,setuju jadi menghapus korupsi kolusi non produktif mari dukung pencalonan ai jadi ketua anggota dpr mpr ri,"['setuju', 'jadi', 'menghapus', 'korupsi', 'kolusi', 'non', 'produktif', 'mari', 'dukung', 'pencalonan', 'ai', 'jadi', 'ketua', 'anggota', 'dpr', 'mpr', 'ri']","['setuju', 'menghapus', 'korupsi', 'kolusi', 'non', 'produktif', 'mari', 'dukung', 'pencalonan', 'ai', 'ketua', 'anggota', 'dpr', 'mpr', 'ri']","['tuju', 'hapus', 'korupsi', 'kolusi', 'non', 'produktif', 'mari', 'dukung', 'calon', 'ai', 'ketua', 'anggota', 'dpr', 'mpr', 'ri']",negatif
"Semoga chatGPT memberikan influenz yang positif untuk terangkatnya harkat dan martabat rakyat Indonesia secara ekonomi, sosial dan politik sehingga kerukunan agama menjadi damai kembali",Semoga chatGPT memberikan influenz yang positif untuk terangkatnya harkat dan martabat rakyat Indonesia secara ekonomi sosial dan politik sehingga kerukunan agama menjadi damai kembali,semoga chatgpt memberikan influenz yang positif untuk terangkatnya harkat dan martabat rakyat indonesia secara ekonomi sosial dan politik sehingga kerukunan agama menjadi damai kembali,semoga chatgpt memberikan influenz yang positif untuk terangkatnya harkat dan martabat rakyat indonesia secara ekonomi sosial dan politik sehingga kerukunan agama menjadi damai kembali,"['semoga', 'chatgpt', 'memberikan', 'influenz', 'yang', 'positif', 'untuk', 'terangkatnya', 'harkat', 'dan', 'martabat', 'rakyat', 'indonesia', 'secara', 'ekonomi', 'sosial', 'dan', 'politik', 'sehingga', 'kerukunan', 'agama', 'menjadi', 'damai', 'kembali']","['semoga', 'chatgpt', 'influenz', 'positif', 'terangkatnya', 'harkat', 'martabat', 'rakyat', 'indonesia', 'ekonomi', 'sosial', 'politik', 'kerukunan', 'agama', 'damai']","['moga', 'chatgpt', 'influenz', 'positif', 'angkat', 'harkat', 'martabat', 'rakyat', 'indonesia', 'ekonomi', 'sosial', 'politik', 'rukun', 'agama', 'damai']",negatif
"kreatifitas tanpa batas , seni tak bisa dinilai dengan AI .",kreatifitas tanpa batas seni tak bisa dinilai dengan AI,kreatifitas tanpa batas seni tak bisa dinilai dengan ai,kreatifitas tanpa batas seni tak bisa dinilai dengan ai,"['kreatifitas', 'tanpa', 'batas', 'seni', 'tak', 'bisa', 'dinilai', 'dengan', 'ai']","['kreatifitas', 'batas', 'seni', 'dinilai', 'ai']","['kreatifitas', 'batas', 'seni', 'nilai', 'ai']",negatif
Anak -anak di sekolah kami malah kami encourage untuk menggunakan Chatgpt untuk membantu mereka dalam membuat sebuah karya analisa. karena tugas di sekolah kami bukan hafalan tetapi analisis esai,Anak -anak di sekolah kami malah kami encourage untuk menggunakan Chatgpt untuk membantu mereka dalam membuat sebuah karya analisa karena tugas di sekolah kami bukan hafalan tetapi analisis esai,anak -anak di sekolah kami malah kami encourage untuk menggunakan chatgpt untuk membantu mereka dalam membuat sebuah karya analisa karena tugas di sekolah kami bukan hafalan tetapi analisis esai,anak -anak di sekolah kami malah kami encourage untuk menggunakan chatgpt untuk membantu mereka dalam membuat sebuah karya analisa karena tugas di sekolah kami bukan hafalan tetapi analisis esai,"['anak', '-anak', 'di', 'sekolah', 'kami', 'malah', 'kami', 'encourage', 'untuk', 'menggunakan', 'chatgpt', 'untuk', 'membantu', 'mereka', 'dalam', 'membuat', 'sebuah', 'karya', 'analisa', 'karena', 'tugas', 'di', 'sekolah', 'kami', 'bukan', 'hafalan', 'tetapi', 'analisis', 'esai']","['anak', '-anak', 'sekolah', 'encourage', 'chatgpt', 'membantu', 'karya', 'analisa', 'tugas', 'sekolah', 'hafalan', 'analisis', 'esai']","['anak', '-anak', 'sekolah', 'encourage', 'chatgpt', 'bantu', 'karya', 'analisa', 'tugas', 'sekolah', 'hafal', 'analisis', 'esai']",negatif
"aku udah pake chatGPT untuk keperluan saintifik. kalo sebatas esai singkat tentang topik umum tertentu chatGPT nggak ada kendala. tapi lain lagi kalo udah mengarah ke arah saintifik yang harus menyertakan referensi dan data yang valid, masih sering ngaco, aku suruh chatGPT untuk memvalidasi data yang dia peroleh sendiri juga masih belum bisa. jadi intinya chatGPT belum sepenuhnya menggantikan penulis manusia, bagaimanapun tulisan manusia itu bisa dinilai kedalaman analisa tulisannya. toh sumber informasi chatGPT ya dari input2 penulis lain. intinya kalo penulis yang open minded justru nggak akan merasa tersaingi dengan chatGPT, chatGPT justru bisa membantu meringankan beban penulisan. soal tugas esai sekolah mah itu balik lagi ke knowladge gurunya, antara guru sama murid siapa yang paling up tp date tentang teknologi. mereka yang tidak bisa mengikuti perkembangan teknologi justru mereka yang akan obsolete",aku udah pake chatGPT untuk keperluan saintifik kalo sebatas esai singkat tentang topik umum tertentu chatGPT nggak ada kendala tapi lain lagi kalo udah mengarah ke arah saintifik yang harus menyertakan referensi dan data yang valid masih sering ngaco aku suruh chatGPT untuk memvalidasi data yang dia peroleh sendiri juga masih belum bisa jadi intinya chatGPT belum sepenuhnya menggantikan penulis manusia bagaimanapun tulisan manusia itu bisa dinilai kedalaman analisa tulisannya toh sumber informasi chatGPT ya dari input penulis lain intinya kalo penulis yang open minded justru nggak akan merasa tersaingi dengan chatGPT chatGPT justru bisa membantu meringankan beban penulisan soal tugas esai sekolah mah itu balik lagi ke knowladge gurunya antara guru sama murid siapa yang paling up tp date tentang teknologi mereka yang tidak bisa mengikuti perkembangan teknologi justru mereka yang akan obsolete,aku udah pake chatgpt untuk keperluan saintifik kalo sebatas esai singkat tentang topik umum tertentu chatgpt nggak ada kendala tapi lain lagi kalo udah mengarah ke arah saintifik yang harus menyertakan referensi dan data yang valid masih sering ngaco aku suruh chatgpt untuk memvalidasi data yang dia peroleh sendiri juga masih belum bisa jadi intinya chatgpt belum sepenuhnya menggantikan penulis manusia bagaimanapun tulisan manusia itu bisa dinilai kedalaman analisa tulisannya toh sumber informasi chatgpt ya dari input penulis lain intinya kalo penulis yang open minded justru nggak akan merasa tersaingi dengan chatgpt chatgpt justru bisa membantu meringankan beban penulisan soal tugas esai sekolah mah itu balik lagi ke knowladge gurunya antara guru sama murid siapa yang paling up tp date tentang teknologi mereka yang tidak bisa mengikuti perkembangan teknologi justru mereka yang akan obsolete,aku udah pake chatgpt untuk keperluan saintifik kalau sebatas esai singkat tentang topik umum tertentu chatgpt nggak ada kendala tapi lain lagi kalau udah mengarah ke arah saintifik yang harus menyertakan referensi dan data yang valid masih sering ngaco aku suruh chatgpt untuk memvalidasi data yang dia peroleh sendiri juga masih belum bisa jadi intinya chatgpt belum sepenuhnya menggantikan penulis manusia bagaimanapun tulisan manusia itu bisa dinilai kedalaman analisa tulisannya toh sumber informasi chatgpt iya dari input penulis lain intinya kalau penulis yang open minded justru nggak akan merasa tersaingi dengan chatgpt chatgpt justru bisa membantu meringankan beban penulisan soal tugas esai sekolah mah itu balik lagi ke knowladge gurunya antara guru sama murid siapa yang paling up tapi date tentang teknologi mereka yang tidak bisa mengikuti perkembangan teknologi justru mereka yang akan obsolete,"['aku', 'udah', 'pake', 'chatgpt', 'untuk', 'keperluan', 'saintifik', 'kalau', 'sebatas', 'esai', 'singkat', 'tentang', 'topik', 'umum', 'tertentu', 'chatgpt', 'nggak', 'ada', 'kendala', 'tapi', 'lain', 'lagi', 'kalau', 'udah', 'mengarah', 'ke', 'arah', 'saintifik', 'yang', 'harus', 'menyertakan', 'referensi', 'dan', 'data', 'yang', 'valid', 'masih', 'sering', 'ngaco', 'aku', 'suruh', 'chatgpt', 'untuk', 'memvalidasi', 'data', 'yang', 'dia', 'peroleh', 'sendiri', 'juga', 'masih', 'belum', 'bisa', 'jadi', 'intinya', 'chatgpt', 'belum', 'sepenuhnya', 'menggantikan', 'penulis', 'manusia', 'bagaimanapun', 'tulisan', 'manusia', 'itu', 'bisa', 'dinilai', 'kedalaman', 'analisa', 'tulisannya', 'toh', 'sumber', 'informasi', 'chatgpt', 'iya', 'dari', 'input', 'penulis', 'lain', 'intinya', 'kalau', 'penulis', 'yang', 'open', 'minded', 'justru', 'nggak', 'akan', 'merasa', 'tersaingi', 'dengan', 'chatgpt', 'chatgpt', 'justru', 'bisa', 'membantu', 'meringankan', 'beban', 'penulisan', 'soal', 'tugas', 'esai', 'sekolah', 'mah', 'itu', 'balik', 'lagi', 'ke', 'knowladge', 'gurunya', 'antara', 'guru', 'sama', 'murid', 'siapa', 'yang', 'paling', 'up', 'tapi', 'date', 'tentang', 'teknologi', 'mereka', 'yang', 'tidak', 'bisa', 'mengikuti', 'perkembangan', 'teknologi', 'justru', 'mereka', 'yang', 'akan', 'obsolete']","['udah', 'pake', 'chatgpt', 'keperluan', 'saintifik', 'sebatas', 'esai', 'singkat', 'topik', 'chatgpt', 'nggak', 'kendala', 'udah', 'mengarah', 'arah', 'saintifik', 'menyertakan', 'referensi', 'data', 'valid', 'ngaco', 'suruh', 'chatgpt', 'memvalidasi', 'data', 'peroleh', 'intinya', 'chatgpt', 'sepenuhnya', 'menggantikan', 'penulis', 'manusia', 'tulisan', 'manusia', 'dinilai', 'kedalaman', 'analisa', 'tulisannya', 'sumber', 'informasi', 'chatgpt', 'iya', 'input', 'penulis', 'intinya', 'penulis', 'open', 'minded', 'nggak', 'tersaingi', 'chatgpt', 'chatgpt', 'membantu', 'meringankan', 'beban', 'penulisan', 'tugas', 'esai', 'sekolah', 'mah', 'knowladge', 'gurunya', 'guru', 'murid', 'up', 'date', 'teknologi', 'mengikuti', 'perkembangan', 'teknologi', 'obsolete']","['udah', 'pake', 'chatgpt', 'perlu', 'saintifik', 'batas', 'esai', 'singkat', 'topik', 'chatgpt', 'nggak', 'kendala', 'udah', 'arah', 'arah', 'saintifik', 'serta', 'referensi', 'data', 'valid', 'ngaco', 'suruh', 'chatgpt', 'memvalidasi', 'data', 'oleh', 'inti', 'chatgpt', 'sepenuh', 'ganti', 'tulis', 'manusia', 'tulis', 'manusia', 'nilai', 'dalam', 'analisa', 'tulis', 'sumber', 'informasi', 'chatgpt', 'iya', 'input', 'tulis', 'inti', 'tulis', 'open', 'minded', 'nggak', 'saing', 'chatgpt', 'chatgpt', 'bantu', 'ringan', 'beban', 'tulis', 'tugas', 'esai', 'sekolah', 'mah', 'knowladge', 'guru', 'guru', 'murid', 'up', 'date', 'teknologi', 'ikut', 'kembang', 'teknologi', 'obsolete']",negatif
"saya selalu pakai AI untuk semua pekerjaan saya. dengan adanya AI semua bisa jadi lebih mudah. misal ada klien butuh design A dengan brief ABC. saya tulis di midjourney lalu saya ajukan sampelnya, setelah aprove saya buat filenya . buat temen temen nih",saya selalu pakai AI untuk semua pekerjaan saya dengan adanya AI semua bisa jadi lebih mudah misal ada klien butuh design A dengan brief ABC saya tulis di midjourney lalu saya ajukan sampelnya setelah aprove saya buat filenya buat temen temen nih,saya selalu pakai ai untuk semua pekerjaan saya dengan adanya ai semua bisa jadi lebih mudah misal ada klien butuh design a dengan brief abc saya tulis di midjourney lalu saya ajukan sampelnya setelah aprove saya buat filenya buat temen temen nih,saya selalu pakai ai untuk semua pekerjaan saya dengan adanya ai semua bisa jadi lebih mudah misal ada klien butuh design a dengan brief abc saya tulis di midjourney lalu saya ajukan sampelnya setelah aprove saya buat filenya buat temen temen nih,"['saya', 'selalu', 'pakai', 'ai', 'untuk', 'semua', 'pekerjaan', 'saya', 'dengan', 'adanya', 'ai', 'semua', 'bisa', 'jadi', 'lebih', 'mudah', 'misal', 'ada', 'klien', 'butuh', 'design', 'a', 'dengan', 'brief', 'abc', 'saya', 'tulis', 'di', 'midjourney', 'lalu', 'saya', 'ajukan', 'sampelnya', 'setelah', 'aprove', 'saya', 'buat', 'filenya', 'buat', 'temen', 'temen', 'nih']","['pakai', 'ai', 'pekerjaan', 'ai', 'mudah', 'klien', 'butuh', 'design', 'brief', 'abc', 'tulis', 'midjourney', 'ajukan', 'sampelnya', 'aprove', 'filenya', 'temen', 'temen', 'nih']","['pakai', 'ai', 'kerja', 'ai', 'mudah', 'klien', 'butuh', 'design', 'brief', 'abc', 'tulis', 'midjourney', 'aju', 'sampel', 'aprove', 'filenya', 'temen', 'temen', 'nih']",negatif
 @laughtalememe  customer service aja udh ada yg mulai pake ai,customer service aja udh ada yg mulai pake ai,customer service aja udh ada yg mulai pake ai,customer service aja sudah ada yang mulai pake ai,"['customer', 'service', 'aja', 'sudah', 'ada', 'yang', 'mulai', 'pake', 'ai']","['customer', 'service', 'aja', 'pake', 'ai']","['customer', 'service', 'aja', 'pake', 'ai']",negatif
"Mulailah dari sekarang utk melatih diri menjadi bagian dari masa depan, setujuuu....",Mulailah dari sekarang utk melatih diri menjadi bagian dari masa depan setujuuu,mulailah dari sekarang utk melatih diri menjadi bagian dari masa depan setujuuu,mulailah dari sekarang untuk melatih diri menjadi bagian dari masa depan setujuuu,"['mulailah', 'dari', 'sekarang', 'untuk', 'melatih', 'diri', 'menjadi', 'bagian', 'dari', 'masa', 'depan', 'setujuuu']","['melatih', 'setujuuu']","['latih', 'setujuuu']",negatif
Terima kenyataan dan melatih diri untuk masa depan,Terima kenyataan dan melatih diri untuk masa depan,terima kenyataan dan melatih diri untuk masa depan,terima kenyataan dan melatih diri untuk masa depan,"['terima', 'kenyataan', 'dan', 'melatih', 'diri', 'untuk', 'masa', 'depan']","['terima', 'kenyataan', 'melatih']","['terima', 'nyata', 'latih']",negatif
Videonya mirip channel Dr Nugroho,Videonya mirip channel Dr Nugroho,videonya mirip channel dr nugroho,videonya mirip channel dari nugroho,"['videonya', 'mirip', 'channel', 'dari', 'nugroho']","['videonya', 'channel', 'nugroho']","['video', 'channel', 'nugroho']",negatif
"Pada akhirnya tukang batagor, tukang martabak, tukang sampah, cleaning service, dan pekerjaan2 receh lainnya yg akan bertahan..hahaha",Pada akhirnya tukang batagor tukang martabak tukang sampah cleaning service dan pekerjaan receh lainnya yg akan bertahan hahaha,pada akhirnya tukang batagor tukang martabak tukang sampah cleaning service dan pekerjaan receh lainnya yg akan bertahan hahaha,pada akhirnya tukang batagor tukang martabak tukang sampah cleaning service dan pekerjaan receh lainnya yang akan bertahan hahaha,"['pada', 'akhirnya', 'tukang', 'batagor', 'tukang', 'martabak', 'tukang', 'sampah', 'cleaning', 'service', 'dan', 'pekerjaan', 'receh', 'lainnya', 'yang', 'akan', 'bertahan', 'hahaha']","['tukang', 'batagor', 'tukang', 'martabak', 'tukang', 'sampah', 'cleaning', 'service', 'pekerjaan', 'receh', 'bertahan', 'hahaha']","['tukang', 'batagor', 'tukang', 'martabak', 'tukang', 'sampah', 'cleaning', 'service', 'kerja', 'receh', 'tahan', 'hahaha']",negatif
"Mulailah melatih diri anda, untuk menjadi bagian dari masa depan.",Mulailah melatih diri anda untuk menjadi bagian dari masa depan,mulailah melatih diri anda untuk menjadi bagian dari masa depan,mulailah melatih diri anda untuk menjadi bagian dari masa depan,"['mulailah', 'melatih', 'diri', 'anda', 'untuk', 'menjadi', 'bagian', 'dari', 'masa', 'depan']",['melatih'],['latih'],negatif
"Kalo untuk Kebutuhan Pekerjaan, memang sangat membantu daripada Google yang harus cek satu per satu, tapi untuk membuat tulisan macam Makalah, Skripsi, ato apapun yang berhubungan dengan Akademi, memang kurang, karena gak ada sumber jelasnya, seperti halnya Midjourney (AI Visual) buat yang sering2 Revisi Desain, ya bisa dibilang Midjourney adalah penolong sih buat reverensi, ya tinggal improve sedikit udah beres",Kalo untuk Kebutuhan Pekerjaan memang sangat membantu daripada Google yang harus cek satu per satu tapi untuk membuat tulisan macam Makalah Skripsi ato apapun yang berhubungan dengan Akademi memang kurang karena gak ada sumber jelasnya seperti halnya Midjourney AI Visual buat yang sering Revisi Desain ya bisa dibilang Midjourney adalah penolong sih buat reverensi ya tinggal improve sedikit udah beres,kalo untuk kebutuhan pekerjaan memang sangat membantu daripada google yang harus cek satu per satu tapi untuk membuat tulisan macam makalah skripsi ato apapun yang berhubungan dengan akademi memang kurang karena gak ada sumber jelasnya seperti halnya midjourney ai visual buat yang sering revisi desain ya bisa dibilang midjourney adalah penolong sih buat reverensi ya tinggal improve sedikit udah beres,kalau untuk kebutuhan pekerjaan memang sangat membantu daripada google yang harus cek satu per satu tapi untuk membuat tulisan macam makalah skripsi ato apapun yang berhubungan dengan akademi memang kurang karena tidak ada sumber jelasnya seperti halnya midjourney ai visual buat yang sering revisi desain iya bisa dibilang midjourney adalah penolong sih buat reverensi iya tinggal improve sedikit udah beres,"['kalau', 'untuk', 'kebutuhan', 'pekerjaan', 'memang', 'sangat', 'membantu', 'daripada', 'google', 'yang', 'harus', 'cek', 'satu', 'per', 'satu', 'tapi', 'untuk', 'membuat', 'tulisan', 'macam', 'makalah', 'skripsi', 'ato', 'apapun', 'yang', 'berhubungan', 'dengan', 'akademi', 'memang', 'kurang', 'karena', 'tidak', 'ada', 'sumber', 'jelasnya', 'seperti', 'halnya', 'midjourney', 'ai', 'visual', 'buat', 'yang', 'sering', 'revisi', 'desain', 'iya', 'bisa', 'dibilang', 'midjourney', 'adalah', 'penolong', 'sih', 'buat', 'reverensi', 'iya', 'tinggal', 'improve', 'sedikit', 'udah', 'beres']","['kebutuhan', 'pekerjaan', 'membantu', 'google', 'cek', 'tulisan', 'makalah', 'skripsi', 'ato', 'apapun', 'berhubungan', 'akademi', 'sumber', 'halnya', 'midjourney', 'ai', 'visual', 'revisi', 'desain', 'iya', 'dibilang', 'midjourney', 'penolong', 'sih', 'reverensi', 'iya', 'tinggal', 'improve', 'udah', 'beres']","['butuh', 'kerja', 'bantu', 'google', 'cek', 'tulis', 'makalah', 'skripsi', 'ato', 'apa', 'hubung', 'akademi', 'sumber', 'hal', 'midjourney', 'ai', 'visual', 'revisi', 'desain', 'iya', 'bilang', 'midjourney', 'tolong', 'sih', 'reverensi', 'iya', 'tinggal', 'improve', 'udah', 'beres']",negatif
Aamiin..,Aamiin,aamiin,aamiin,['aamiin'],['aamiin'],['aamiin'],negatif
"penasaran saya tanya chatGPT negara mana yang memenangkan piala dunia 2022, ternyata ia menjawab demikian :
 ""Piala Dunia FIFA 2022 diselenggarakan di Qatar pada tahun 2022. Informasi tentang tim yang memenangkan Piala Dunia tersebut tidak tersedia karena knowledge cutoff-nya adalah tahun 2021.""",penasaran saya tanya chatGPT negara mana yang memenangkan piala dunia ternyata ia menjawab demikian Piala Dunia FIFA diselenggarakan di Qatar pada tahun Informasi tentang tim yang memenangkan Piala Dunia tersebut tidak tersedia karena knowledge cutoff-nya adalah tahun,penasaran saya tanya chatgpt negara mana yang memenangkan piala dunia ternyata ia menjawab demikian piala dunia fifa diselenggarakan di qatar pada tahun informasi tentang tim yang memenangkan piala dunia tersebut tidak tersedia karena knowledge cutoff-nya adalah tahun,penasaran saya tanya chatgpt negara mana yang memenangkan piala dunia ternyata ia menjawab demikian piala dunia fifa diselenggarakan di qatar pada tahun informasi tentang tim yang memenangkan piala dunia tersebut tidak tersedia karena knowledge cutoff-nya adalah tahun,"['penasaran', 'saya', 'tanya', 'chatgpt', 'negara', 'mana', 'yang', 'memenangkan', 'piala', 'dunia', 'ternyata', 'ia', 'menjawab', 'demikian', 'piala', 'dunia', 'fifa', 'diselenggarakan', 'di', 'qatar', 'pada', 'tahun', 'informasi', 'tentang', 'tim', 'yang', 'memenangkan', 'piala', 'dunia', 'tersebut', 'tidak', 'tersedia', 'karena', 'knowledge', 'cutoff-nya', 'adalah', 'tahun']","['penasaran', 'chatgpt', 'negara', 'memenangkan', 'piala', 'dunia', 'piala', 'dunia', 'fifa', 'diselenggarakan', 'qatar', 'informasi', 'tim', 'memenangkan', 'piala', 'dunia', 'tersedia', 'knowledge', 'cutoff-nya']","['penasaran', 'chatgpt', 'negara', 'menang', 'piala', 'dunia', 'piala', 'dunia', 'fifa', 'selenggara', 'qatar', 'informasi', 'tim', 'menang', 'piala', 'dunia', 'sedia', 'knowledge', 'cutoff-nya']",negatif
Kalo gak salah itu duitnya buat ekspansi dibelanjain ke cloud Microsoft,Kalo gak salah itu duitnya buat ekspansi dibelanjain ke cloud Microsoft,kalo gak salah itu duitnya buat ekspansi dibelanjain ke cloud microsoft,kalau tidak salah itu duitnya buat ekspansi dibelanjain ke cloud microsoft,"['kalau', 'tidak', 'salah', 'itu', 'duitnya', 'buat', 'ekspansi', 'dibelanjain', 'ke', 'cloud', 'microsoft']","['salah', 'duitnya', 'ekspansi', 'dibelanjain', 'cloud', 'microsoft']","['salah', 'duit', 'ekspansi', 'dibelanjain', 'cloud', 'microsoft']",negatif
"pendidikan smp sma apakah bisa kena distrupsi chatgpt ini ya pak? kalo tingkat sd mungkin bisa digeser menjadi character building tapi untuk smp sma yg lebih mendalami materi, apakah terkena dampak yg lebih besar ya pak? terima kasih",pendidikan smp sma apakah bisa kena distrupsi chatgpt ini ya pak kalo tingkat sd mungkin bisa digeser menjadi character building tapi untuk smp sma yg lebih mendalami materi apakah terkena dampak yg lebih besar ya pak terima kasih,pendidikan smp sma apakah bisa kena distrupsi chatgpt ini ya pak kalo tingkat sd mungkin bisa digeser menjadi character building tapi untuk smp sma yg lebih mendalami materi apakah terkena dampak yg lebih besar ya pak terima kasih,pendidikan smp sma apakah bisa kena distrupsi chatgpt ini iya pak kalau tingkat sd mungkin bisa digeser menjadi character building tapi untuk smp sma yang lebih mendalami materi apakah terkena dampak yang lebih besar iya pak terima kasih,"['pendidikan', 'smp', 'sma', 'apakah', 'bisa', 'kena', 'distrupsi', 'chatgpt', 'ini', 'iya', 'pak', 'kalau', 'tingkat', 'sd', 'mungkin', 'bisa', 'digeser', 'menjadi', 'character', 'building', 'tapi', 'untuk', 'smp', 'sma', 'yang', 'lebih', 'mendalami', 'materi', 'apakah', 'terkena', 'dampak', 'yang', 'lebih', 'besar', 'iya', 'pak', 'terima', 'kasih']","['pendidikan', 'smp', 'sma', 'kena', 'distrupsi', 'chatgpt', 'iya', 'tingkat', 'sd', 'digeser', 'character', 'building', 'smp', 'sma', 'mendalami', 'materi', 'terkena', 'dampak', 'iya', 'terima', 'kasih']","['didik', 'smp', 'sma', 'kena', 'distrupsi', 'chatgpt', 'iya', 'tingkat', 'sd', 'geser', 'character', 'building', 'smp', 'sma', 'dalam', 'materi', 'kena', 'dampak', 'iya', 'terima', 'kasih']",negatif
"pada generasi Z aja sudah terbiasa dengan konten2 yang to do point, artinya generasi mendatang tidak suka hal yang bertele-tele seperti harus mencari, mensortir dan membaca yang disuguhi google, jadi next google itu ya seperti chat GPT ini yang to do point soal memberi jawaban",pada generasi Z aja sudah terbiasa dengan konten yang to do point artinya generasi mendatang tidak suka hal yang bertele-tele seperti harus mencari mensortir dan membaca yang disuguhi google jadi next google itu ya seperti chat GPT ini yang to do point soal memberi jawaban,pada generasi z aja sudah terbiasa dengan konten yang to do point artinya generasi mendatang tidak suka hal yang bertele-tele seperti harus mencari mensortir dan membaca yang disuguhi google jadi next google itu ya seperti chat gpt ini yang to do point soal memberi jawaban,pada generasi z aja sudah terbiasa dengan konten yang to do point artinya generasi mendatang tidak suka hal yang bertele-tele seperti harus mencari mensortir dan membaca yang disuguhi google jadi next google itu iya seperti chat gpt ini yang to do point soal memberi jawaban,"['pada', 'generasi', 'z', 'aja', 'sudah', 'terbiasa', 'dengan', 'konten', 'yang', 'to', 'do', 'point', 'artinya', 'generasi', 'mendatang', 'tidak', 'suka', 'hal', 'yang', 'bertele-tele', 'seperti', 'harus', 'mencari', 'mensortir', 'dan', 'membaca', 'yang', 'disuguhi', 'google', 'jadi', 'next', 'google', 'itu', 'iya', 'seperti', 'chat', 'gpt', 'ini', 'yang', 'to', 'do', 'point', 'soal', 'memberi', 'jawaban']","['generasi', 'aja', 'terbiasa', 'konten', 'to', 'do', 'point', 'generasi', 'suka', 'bertele-tele', 'mencari', 'mensortir', 'membaca', 'disuguhi', 'google', 'next', 'google', 'iya', 'chat', 'gpt', 'to', 'do', 'point']","['generasi', 'aja', 'biasa', 'konten', 'to', 'do', 'point', 'generasi', 'suka', 'tele', 'cari', 'sortir', 'baca', 'suguh', 'google', 'next', 'google', 'iya', 'chat', 'gpt', 'to', 'do', 'point']",negatif
Sebagai guru saya harus mikir strategi mengajar yg baru,Sebagai guru saya harus mikir strategi mengajar yg baru,sebagai guru saya harus mikir strategi mengajar yg baru,sebagai guru saya harus mikir strategi mengajar yang baru,"['sebagai', 'guru', 'saya', 'harus', 'mikir', 'strategi', 'mengajar', 'yang', 'baru']","['guru', 'mikir', 'strategi', 'mengajar']","['guru', 'mikir', 'strategi', 'ajar']",negatif
Apa jadinya kalau A.I dihubungkan dengan metaverse?,Apa jadinya kalau A I dihubungkan dengan metaverse,apa jadinya kalau a i dihubungkan dengan metaverse,apa jadinya kalau a i dihubungkan dengan metaverse,"['apa', 'jadinya', 'kalau', 'a', 'i', 'dihubungkan', 'dengan', 'metaverse']","['dihubungkan', 'metaverse']","['hubung', 'metaverse']",negatif
"Tanyakan pada AI tentang cara menyelesaikan isu lingkungan, kemungkinan mereka akan menjawab ""genosida manusia"" ",Tanyakan pada AI tentang cara menyelesaikan isu lingkungan kemungkinan mereka akan menjawab genosida manusia,tanyakan pada ai tentang cara menyelesaikan isu lingkungan kemungkinan mereka akan menjawab genosida manusia,tanyakan pada ai tentang cara menyelesaikan isu lingkungan kemungkinan mereka akan menjawab genosida manusia,"['tanyakan', 'pada', 'ai', 'tentang', 'cara', 'menyelesaikan', 'isu', 'lingkungan', 'kemungkinan', 'mereka', 'akan', 'menjawab', 'genosida', 'manusia']","['ai', 'menyelesaikan', 'isu', 'lingkungan', 'genosida', 'manusia']","['ai', 'selesai', 'isu', 'lingkung', 'genosida', 'manusia']",negatif
"sudah, cek channel agung hapsah dengan judul Robot Lebih Pintar Daripada Manusia , 3 tahun yang lalu ( 2020 )",sudah cek channel agung hapsah dengan judul Robot Lebih Pintar Daripada Manusia tahun yang lalu,sudah cek channel agung hapsah dengan judul robot lebih pintar daripada manusia tahun yang lalu,sudah cek channel agung hapsah dengan judul robot lebih pintar daripada manusia tahun yang lalu,"['sudah', 'cek', 'channel', 'agung', 'hapsah', 'dengan', 'judul', 'robot', 'lebih', 'pintar', 'daripada', 'manusia', 'tahun', 'yang', 'lalu']","['cek', 'channel', 'agung', 'hapsah', 'judul', 'robot', 'pintar', 'manusia']","['cek', 'channel', 'agung', 'hapsah', 'judul', 'robot', 'pintar', 'manusia']",negatif
Tentu butuh cpu yg powerful bang. Databasenya di gedein kecepatan aksesnya masih sama dgn sebelumnya yg ada kelamaan loadingnya.,Tentu butuh cpu yg powerful bang Databasenya di gedein kecepatan aksesnya masih sama dgn sebelumnya yg ada kelamaan loadingnya,tentu butuh cpu yg powerful bang databasenya di gedein kecepatan aksesnya masih sama dgn sebelumnya yg ada kelamaan loadingnya,tentu butuh cpu yang powerful bang databasenya di gedein kecepatan aksesnya masih sama dengan sebelumnya yang ada kelamaan loadingnya,"['tentu', 'butuh', 'cpu', 'yang', 'powerful', 'bang', 'databasenya', 'di', 'gedein', 'kecepatan', 'aksesnya', 'masih', 'sama', 'dengan', 'sebelumnya', 'yang', 'ada', 'kelamaan', 'loadingnya']","['butuh', 'cpu', 'powerful', 'bang', 'databasenya', 'gedein', 'kecepatan', 'aksesnya', 'loadingnya']","['butuh', 'cpu', 'powerful', 'bang', 'databasenya', 'gedein', 'cepat', 'akses', 'loadingnya']",negatif
"New MOTIVATOR : chat GPT
Para motivator terancam",New MOTIVATOR chat GPT Para motivator terancam,new motivator chat gpt para motivator terancam,new motivator chat gpt para motivator terancam,"['new', 'motivator', 'chat', 'gpt', 'para', 'motivator', 'terancam']","['new', 'motivator', 'chat', 'gpt', 'motivator', 'terancam']","['new', 'motivator', 'chat', 'gpt', 'motivator', 'ancam']",negatif
Mulai melatih diri menjadi bagian dari masa depan,Mulai melatih diri menjadi bagian dari masa depan,mulai melatih diri menjadi bagian dari masa depan,mulai melatih diri menjadi bagian dari masa depan,"['mulai', 'melatih', 'diri', 'menjadi', 'bagian', 'dari', 'masa', 'depan']",['melatih'],['latih'],negatif
Chatgpt bisa membatu untuk melihat pejabat dan asn yg korupsi ,Chatgpt bisa membatu untuk melihat pejabat dan asn yg korupsi,chatgpt bisa membatu untuk melihat pejabat dan asn yg korupsi,chatgpt bisa membatu untuk melihat pejabat dan asn yang korupsi,"['chatgpt', 'bisa', 'membatu', 'untuk', 'melihat', 'pejabat', 'dan', 'asn', 'yang', 'korupsi']","['chatgpt', 'membatu', 'pejabat', 'asn', 'korupsi']","['chatgpt', 'batu', 'jabat', 'asn', 'korupsi']",negatif
"emang ya kerjaan yg gak ilang ya petani, 
dr languange translation, data entry, virtual assistant itu semua pekerjaanku saat ini, semuanya terancam sama AI",emang ya kerjaan yg gak ilang ya petani dr languange translation data entry virtual assistant itu semua pekerjaanku saat ini semuanya terancam sama AI,emang ya kerjaan yg gak ilang ya petani dr languange translation data entry virtual assistant itu semua pekerjaanku saat ini semuanya terancam sama ai,emang iya kerjaan yang tidak ilang iya petani dari languange translation data entry virtual assistant itu semua pekerjaanku saat ini semuanya terancam sama ai,"['emang', 'iya', 'kerjaan', 'yang', 'tidak', 'ilang', 'iya', 'petani', 'dari', 'languange', 'translation', 'data', 'entry', 'virtual', 'assistant', 'itu', 'semua', 'pekerjaanku', 'saat', 'ini', 'semuanya', 'terancam', 'sama', 'ai']","['emang', 'iya', 'kerjaan', 'ilang', 'iya', 'petani', 'languange', 'translation', 'data', 'entry', 'virtual', 'assistant', 'pekerjaanku', 'terancam', 'ai']","['emang', 'iya', 'kerja', 'ilang', 'iya', 'tani', 'languange', 'translation', 'data', 'entry', 'virtual', 'assistant', 'kerja', 'ancam', 'ai']",negatif
"Dengan banyaknya dampak chatgpt,maka harus mengupgrade dagang gorengannya.....contoh tempe keju atau tahu Wagyu.....",Dengan banyaknya dampak chatgpt maka harus mengupgrade dagang gorengannya contoh tempe keju atau tahu Wagyu,dengan banyaknya dampak chatgpt maka harus mengupgrade dagang gorengannya contoh tempe keju atau tahu wagyu,dengan banyaknya dampak chatgpt maka harus mengupgrade dagang gorengannya contoh tempe keju atau tahu wagyu,"['dengan', 'banyaknya', 'dampak', 'chatgpt', 'maka', 'harus', 'mengupgrade', 'dagang', 'gorengannya', 'contoh', 'tempe', 'keju', 'atau', 'tahu', 'wagyu']","['banyaknya', 'dampak', 'chatgpt', 'mengupgrade', 'dagang', 'gorengannya', 'contoh', 'tempe', 'keju', 'wagyu']","['banyak', 'dampak', 'chatgpt', 'mengupgrade', 'dagang', 'goreng', 'contoh', 'tempe', 'keju', 'wagyu']",negatif
Chatgpt + excel = boom!,Chatgpt excel boom,chatgpt excel boom,chatgpt excel boom,"['chatgpt', 'excel', 'boom']","['chatgpt', 'excel', 'boom']","['chatgpt', 'excel', 'boom']",negatif
"Yang gak bisa digantiin ChatGPT, tukang masak, kuli bangunan, tukang ngelas hehehehe.",Yang gak bisa digantiin ChatGPT tukang masak kuli bangunan tukang ngelas hehehehe,yang gak bisa digantiin chatgpt tukang masak kuli bangunan tukang ngelas hehehehe,yang tidak bisa digantiin chatgpt tukang masak kuli bangunan tukang ngelas hehehehe,"['yang', 'tidak', 'bisa', 'digantiin', 'chatgpt', 'tukang', 'masak', 'kuli', 'bangunan', 'tukang', 'ngelas', 'hehehehe']","['digantiin', 'chatgpt', 'tukang', 'masak', 'kuli', 'bangunan', 'tukang', 'ngelas', 'hehehehe']","['digantiin', 'chatgpt', 'tukang', 'masak', 'kuli', 'bangun', 'tukang', 'ngelas', 'hehehehe']",negatif
Saya pakai gpt untuk binomial equation. Kita hanya perlu gpt.,Saya pakai gpt untuk binomial equation Kita hanya perlu gpt,saya pakai gpt untuk binomial equation kita hanya perlu gpt,saya pakai gpt untuk binomial equation kita hanya perlu gpt,"['saya', 'pakai', 'gpt', 'untuk', 'binomial', 'equation', 'kita', 'hanya', 'perlu', 'gpt']","['pakai', 'gpt', 'binomial', 'equation', 'gpt']","['pakai', 'gpt', 'binomial', 'equation', 'gpt']",negatif
"Kata orang orang ""Google Provide Information, AI Provide Knowledge""",Kata orang orang Google Provide Information AI Provide Knowledge,kata orang orang google provide information ai provide knowledge,kata orang orang google provide information ai provide knowledge,"['kata', 'orang', 'orang', 'google', 'provide', 'information', 'ai', 'provide', 'knowledge']","['orang', 'orang', 'google', 'provide', 'information', 'ai', 'provide', 'knowledge']","['orang', 'orang', 'google', 'provide', 'information', 'ai', 'provide', 'knowledge']",negatif
Selamat mas atas studio baru nya,Selamat mas atas studio baru nya,selamat mas atas studio baru nya,selamat mas atas studio baru nya,"['selamat', 'mas', 'atas', 'studio', 'baru', 'nya']","['selamat', 'mas', 'studio', 'nya']","['selamat', 'mas', 'studio', 'nya']",negatif
MidJourney juga akan mengancam para desainer graphic dimasa depan ..,MidJourney juga akan mengancam para desainer graphic dimasa depan,midjourney juga akan mengancam para desainer graphic dimasa depan,midjourney juga akan mengancam para desainer graphic dimasa depan,"['midjourney', 'juga', 'akan', 'mengancam', 'para', 'desainer', 'graphic', 'dimasa', 'depan']","['midjourney', 'mengancam', 'desainer', 'graphic', 'dimasa']","['midjourney', 'ancam', 'desainer', 'graphic', 'masa']",negatif
ChatGPT + agama = Saikhnet,ChatGPT agama Saikhnet,chatgpt agama saikhnet,chatgpt agama saikhnet,"['chatgpt', 'agama', 'saikhnet']","['chatgpt', 'agama', 'saikhnet']","['chatgpt', 'agama', 'saikhnet']",negatif
2017 Dapat matakuliah Artificial Inteligent... Hitungannya rumit ,Dapat matakuliah Artificial Inteligent Hitungannya rumit,dapat matakuliah artificial inteligent hitungannya rumit,dapat matakuliah artificial inteligent hitungannya rumit,"['dapat', 'matakuliah', 'artificial', 'inteligent', 'hitungannya', 'rumit']","['matakuliah', 'artificial', 'inteligent', 'hitungannya', 'rumit']","['matakuliah', 'artificial', 'inteligent', 'hitung', 'rumit']",negatif
"Saya kira ini sebatas Siri, Google Assistant, Alexa, dll dan ternyata eduuunnnn",Saya kira ini sebatas Siri Google Assistant Alexa dll dan ternyata eduuunnnn,saya kira ini sebatas siri google assistant alexa dll dan ternyata eduuunnnn,saya kira ini sebatas siri google assistant alexa dan lain-lain dan ternyata eduuunnnn,"['saya', 'kira', 'ini', 'sebatas', 'siri', 'google', 'assistant', 'alexa', 'dan', 'lain-lain', 'dan', 'ternyata', 'eduuunnnn']","['sebatas', 'siri', 'google', 'assistant', 'alexa', 'lain-lain', 'eduuunnnn']","['batas', 'siri', 'google', 'assistant', 'alexa', 'lain', 'eduuunnnn']",negatif
"Pak Indra subs nya banyak, kenapa malah bahas ini? Saya yg berusaha menyembunyikan teknologi ini dari teman-teman saya berasa sia-sia 

Gamau gua klo teknologi seperti ini hanya digunakan untuk menjawab soal-soal dari dosen.",Pak Indra subs nya banyak kenapa malah bahas ini Saya yg berusaha menyembunyikan teknologi ini dari teman-teman saya berasa sia-sia Gamau gua klo teknologi seperti ini hanya digunakan untuk menjawab soal-soal dari dosen,pak indra subs nya banyak kenapa malah bahas ini saya yg berusaha menyembunyikan teknologi ini dari teman-teman saya berasa sia-sia gamau gua klo teknologi seperti ini hanya digunakan untuk menjawab soal-soal dari dosen,pak indra subs nya banyak kenapa malah bahas ini saya yang berusaha menyembunyikan teknologi ini dari teman-teman saya berasa sia-sia gamau saya kalau teknologi seperti ini hanya digunakan untuk menjawab soal-soal dari dosen,"['pak', 'indra', 'subs', 'nya', 'banyak', 'kenapa', 'malah', 'bahas', 'ini', 'saya', 'yang', 'berusaha', 'menyembunyikan', 'teknologi', 'ini', 'dari', 'teman-teman', 'saya', 'berasa', 'sia-sia', 'gamau', 'saya', 'kalau', 'teknologi', 'seperti', 'ini', 'hanya', 'digunakan', 'untuk', 'menjawab', 'soal-soal', 'dari', 'dosen']","['indra', 'subs', 'nya', 'bahas', 'berusaha', 'menyembunyikan', 'teknologi', 'teman-teman', 'berasa', 'sia-sia', 'gamau', 'teknologi', 'soal-soal', 'dosen']","['indra', 'subs', 'nya', 'bahas', 'usaha', 'sembunyi', 'teknologi', 'teman', 'asa', 'sia', 'gamau', 'teknologi', 'soal', 'dosen']",negatif
Bahkan mungkin suatu ai bisa menciptakan ai lain disuatu hari,Bahkan mungkin suatu ai bisa menciptakan ai lain disuatu hari,bahkan mungkin suatu ai bisa menciptakan ai lain disuatu hari,bahkan mungkin suatu ai bisa menciptakan ai lain disuatu hari,"['bahkan', 'mungkin', 'suatu', 'ai', 'bisa', 'menciptakan', 'ai', 'lain', 'disuatu', 'hari']","['ai', 'menciptakan', 'ai', 'disuatu']","['ai', 'cipta', 'ai', 'suatu']",negatif
Bentar lg bs kmungkinan besar robot humanoid AI bs d ciptakan,Bentar lg bs kmungkinan besar robot humanoid AI bs d ciptakan,bentar lg bs kmungkinan besar robot humanoid ai bs d ciptakan,bentar lagi bisa kmungkinan besar robot humanoid ai bisa d ciptakan,"['bentar', 'lagi', 'bisa', 'kmungkinan', 'besar', 'robot', 'humanoid', 'ai', 'bisa', 'd', 'ciptakan']","['bentar', 'kmungkinan', 'robot', 'humanoid', 'ai', 'ciptakan']","['bentar', 'kmungkinan', 'robot', 'humanoid', 'ai', 'cipta']",negatif
Google udah bikin AI sendiri pesaing chatGpt namanya bard google,Google udah bikin AI sendiri pesaing chatGpt namanya bard google,google udah bikin ai sendiri pesaing chatgpt namanya bard google,google udah bikin ai sendiri pesaing chatgpt namanya bard google,"['google', 'udah', 'bikin', 'ai', 'sendiri', 'pesaing', 'chatgpt', 'namanya', 'bard', 'google']","['google', 'udah', 'bikin', 'ai', 'pesaing', 'chatgpt', 'namanya', 'bard', 'google']","['google', 'udah', 'bikin', 'ai', 'saing', 'chatgpt', 'nama', 'bard', 'google']",negatif
Sudah masuk ke era Cortana yg sebenarnya,Sudah masuk ke era Cortana yg sebenarnya,sudah masuk ke era cortana yg sebenarnya,sudah masuk ke era cortana yang sebenarnya,"['sudah', 'masuk', 'ke', 'era', 'cortana', 'yang', 'sebenarnya']","['masuk', 'era', 'cortana']","['masuk', 'era', 'cortana']",negatif
Gara gara chatgpt sy jd pinter,Gara gara chatgpt sy jd pinter,gara gara chatgpt sy jd pinter,gara gara chatgpt saya jadi pinter,"['gara', 'gara', 'chatgpt', 'saya', 'jadi', 'pinter']","['gara', 'gara', 'chatgpt', 'pinter']","['gara', 'gara', 'chatgpt', 'pinter']",negatif
"Gara gara kehebohan banyak orng yang bahas chatgpt, servernya jadi sering down karna banyak yang akses jadinya aga susah untuk aksesnya sekarang sekarang",Gara gara kehebohan banyak orng yang bahas chatgpt servernya jadi sering down karna banyak yang akses jadinya aga susah untuk aksesnya sekarang sekarang,gara gara kehebohan banyak orng yang bahas chatgpt servernya jadi sering down karna banyak yang akses jadinya aga susah untuk aksesnya sekarang sekarang,gara gara kehebohan banyak orng yang bahas chatgpt servernya jadi sering down karna banyak yang akses jadinya aga susah untuk aksesnya sekarang sekarang,"['gara', 'gara', 'kehebohan', 'banyak', 'orng', 'yang', 'bahas', 'chatgpt', 'servernya', 'jadi', 'sering', 'down', 'karna', 'banyak', 'yang', 'akses', 'jadinya', 'aga', 'susah', 'untuk', 'aksesnya', 'sekarang', 'sekarang']","['gara', 'gara', 'kehebohan', 'orng', 'bahas', 'chatgpt', 'servernya', 'down', 'karna', 'akses', 'aga', 'susah', 'aksesnya']","['gara', 'gara', 'heboh', 'orng', 'bahas', 'chatgpt', 'servernya', 'down', 'karna', 'akses', 'aga', 'susah', 'akses']",negatif
1000x lebih baik daripada yang viral adalah crypto,x lebih baik daripada yang viral adalah crypto,x lebih baik daripada yang viral adalah crypto,x lebih baik daripada yang viral adalah crypto,"['x', 'lebih', 'baik', 'daripada', 'yang', 'viral', 'adalah', 'crypto']","['viral', 'crypto']","['viral', 'crypto']",negatif
Skynet mulai jadi Nyata ,Skynet mulai jadi Nyata,skynet mulai jadi nyata,skynet mulai jadi nyata,"['skynet', 'mulai', 'jadi', 'nyata']","['skynet', 'nyata']","['skynet', 'nyata']",negatif
"Gara gara kehebohan banyak orng yang bahas chatgpt, servernya jadi sering down karna banyak yang akses jadinya aga susah untuk aksesnya sekarang sekarang",Gara gara kehebohan banyak orng yang bahas chatgpt servernya jadi sering down karna banyak yang akses jadinya aga susah untuk aksesnya sekarang sekarang,gara gara kehebohan banyak orng yang bahas chatgpt servernya jadi sering down karna banyak yang akses jadinya aga susah untuk aksesnya sekarang sekarang,gara gara kehebohan banyak orng yang bahas chatgpt servernya jadi sering down karna banyak yang akses jadinya aga susah untuk aksesnya sekarang sekarang,"['gara', 'gara', 'kehebohan', 'banyak', 'orng', 'yang', 'bahas', 'chatgpt', 'servernya', 'jadi', 'sering', 'down', 'karna', 'banyak', 'yang', 'akses', 'jadinya', 'aga', 'susah', 'untuk', 'aksesnya', 'sekarang', 'sekarang']","['gara', 'gara', 'kehebohan', 'orng', 'bahas', 'chatgpt', 'servernya', 'down', 'karna', 'akses', 'aga', 'susah', 'aksesnya']","['gara', 'gara', 'heboh', 'orng', 'bahas', 'chatgpt', 'servernya', 'down', 'karna', 'akses', 'aga', 'susah', 'akses']",negatif
1000x lebih baik daripada yang viral adalah crypto,x lebih baik daripada yang viral adalah crypto,x lebih baik daripada yang viral adalah crypto,x lebih baik daripada yang viral adalah crypto,"['x', 'lebih', 'baik', 'daripada', 'yang', 'viral', 'adalah', 'crypto']","['viral', 'crypto']","['viral', 'crypto']",negatif
Skynet mulai jadi Nyata ,Skynet mulai jadi Nyata,skynet mulai jadi nyata,skynet mulai jadi nyata,"['skynet', 'mulai', 'jadi', 'nyata']","['skynet', 'nyata']","['skynet', 'nyata']",negatif
"sdh daftar chat gpt tapi pas mulai chat error melulu, kesalahan dalam sambungan ",sdh daftar chat gpt tapi pas mulai chat error melulu kesalahan dalam sambungan,sdh daftar chat gpt tapi pas mulai chat error melulu kesalahan dalam sambungan,sdh daftar chat gpt tapi pas mulai chat error melulu kesalahan dalam sambungan,"['sdh', 'daftar', 'chat', 'gpt', 'tapi', 'pas', 'mulai', 'chat', 'error', 'melulu', 'kesalahan', 'dalam', 'sambungan']","['sdh', 'daftar', 'chat', 'gpt', 'pas', 'chat', 'error', 'melulu', 'kesalahan', 'sambungan']","['sdh', 'daftar', 'chat', 'gpt', 'pas', 'chat', 'error', 'melulu', 'salah', 'sambung']",negatif
gua debat sama chatGPT kalau piala dunia 2022 sudah diadakan karena skrng 2023. eh akhirnya chatGPT minta maaf dan ngaku kalau data pengetahuannya cuma sampai 2021 jadi tidak taui piala dunia 2022 sudah diadakan dan pemenangnya siapa ,gua debat sama chatGPT kalau piala dunia sudah diadakan karena skrng eh akhirnya chatGPT minta maaf dan ngaku kalau data pengetahuannya cuma sampai jadi tidak taui piala dunia sudah diadakan dan pemenangnya siapa,gua debat sama chatgpt kalau piala dunia sudah diadakan karena skrng eh akhirnya chatgpt minta maaf dan ngaku kalau data pengetahuannya cuma sampai jadi tidak taui piala dunia sudah diadakan dan pemenangnya siapa,saya debat sama chatgpt kalau piala dunia sudah diadakan karena skrng eh akhirnya chatgpt minta maaf dan ngaku kalau data pengetahuannya cuma sampai jadi tidak taui piala dunia sudah diadakan dan pemenangnya siapa,"['saya', 'debat', 'sama', 'chatgpt', 'kalau', 'piala', 'dunia', 'sudah', 'diadakan', 'karena', 'skrng', 'eh', 'akhirnya', 'chatgpt', 'minta', 'maaf', 'dan', 'ngaku', 'kalau', 'data', 'pengetahuannya', 'cuma', 'sampai', 'jadi', 'tidak', 'taui', 'piala', 'dunia', 'sudah', 'diadakan', 'dan', 'pemenangnya', 'siapa']","['debat', 'chatgpt', 'piala', 'dunia', 'diadakan', 'skrng', 'eh', 'chatgpt', 'maaf', 'ngaku', 'data', 'pengetahuannya', 'taui', 'piala', 'dunia', 'diadakan', 'pemenangnya']","['debat', 'chatgpt', 'piala', 'dunia', 'ada', 'skrng', 'eh', 'chatgpt', 'maaf', 'ngaku', 'data', 'tahu', 'tau', 'piala', 'dunia', 'ada', 'menang']",negatif
ChatGPT bknnya seperti mesin pencari dengan algoritma yang sama ya???,ChatGPT bknnya seperti mesin pencari dengan algoritma yang sama ya,chatgpt bknnya seperti mesin pencari dengan algoritma yang sama ya,chatgpt bknnya seperti mesin pencari dengan algoritma yang sama iya,"['chatgpt', 'bknnya', 'seperti', 'mesin', 'pencari', 'dengan', 'algoritma', 'yang', 'sama', 'iya']","['chatgpt', 'bknnya', 'mesin', 'pencari', 'algoritma', 'iya']","['chatgpt', 'bknnya', 'mesin', 'cari', 'algoritma', 'iya']",negatif
"sehebat  apapun slama berbayar, tetap kalah dgn google mesin pencari gratisa",sehebat apapun slama berbayar tetap kalah dgn google mesin pencari gratisa,sehebat apapun slama berbayar tetap kalah dgn google mesin pencari gratisa,sehebat apapun slama berbayar tetap kalah dengan google mesin pencari gratisa,"['sehebat', 'apapun', 'slama', 'berbayar', 'tetap', 'kalah', 'dengan', 'google', 'mesin', 'pencari', 'gratisa']","['sehebat', 'apapun', 'slama', 'berbayar', 'kalah', 'google', 'mesin', 'pencari', 'gratisa']","['hebat', 'apa', 'slama', 'bayar', 'kalah', 'google', 'mesin', 'cari', 'gratisa']",negatif
"Untuk sekarang chatGPT masih banyak salah memberikan informasi, tidak seakurat google",Untuk sekarang chatGPT masih banyak salah memberikan informasi tidak seakurat google,untuk sekarang chatgpt masih banyak salah memberikan informasi tidak seakurat google,untuk sekarang chatgpt masih banyak salah memberikan informasi tidak seakurat google,"['untuk', 'sekarang', 'chatgpt', 'masih', 'banyak', 'salah', 'memberikan', 'informasi', 'tidak', 'seakurat', 'google']","['chatgpt', 'salah', 'informasi', 'seakurat', 'google']","['chatgpt', 'salah', 'informasi', 'akurat', 'google']",negatif
SAYA HARAP CHATGPT BISA GANTIKAN DPR YG BUANG BUANG ANGGARAN NEGARA ,SAYA HARAP CHATGPT BISA GANTIKAN DPR YG BUANG BUANG ANGGARAN NEGARA,saya harap chatgpt bisa gantikan dpr yg buang buang anggaran negara,saya harap chatgpt bisa gantikan dpr yang buang buang anggaran negara,"['saya', 'harap', 'chatgpt', 'bisa', 'gantikan', 'dpr', 'yang', 'buang', 'buang', 'anggaran', 'negara']","['harap', 'chatgpt', 'gantikan', 'dpr', 'buang', 'buang', 'anggaran', 'negara']","['harap', 'chatgpt', 'ganti', 'dpr', 'buang', 'buang', 'anggar', 'negara']",negatif
Ancaman di dunia pendidikan,Ancaman di dunia pendidikan,ancaman di dunia pendidikan,ancaman di dunia pendidikan,"['ancaman', 'di', 'dunia', 'pendidikan']","['ancaman', 'dunia', 'pendidikan']","['ancam', 'dunia', 'didik']",negatif
bahas MIDJOURNEY pak,bahas MIDJOURNEY pak,bahas midjourney pak,bahas midjourney pak,"['bahas', 'midjourney', 'pak']","['bahas', 'midjourney']","['bahas', 'midjourney']",negatif
 @machiavell8719   makanya belajar,makanya belajar,makanya belajar,makanya belajar,"['makanya', 'belajar']",['belajar'],['ajar'],negatif
yg sabar yg pernah kuliah programmers,yg sabar yg pernah kuliah programmers,yg sabar yg pernah kuliah programmers,yang sabar yang pernah kuliah programmers,"['yang', 'sabar', 'yang', 'pernah', 'kuliah', 'programmers']","['sabar', 'kuliah', 'programmers']","['sabar', 'kuliah', 'programmers']",negatif
 @IndrawanNugroho  lanjutkan,lanjutkan,lanjutkan,lanjutkan,['lanjutkan'],['lanjutkan'],['lanjut'],negatif
Apa chatgpt tau semua bahasa daerah di Indonesia?,Apa chatgpt tau semua bahasa daerah di Indonesia,apa chatgpt tau semua bahasa daerah di indonesia,apa chatgpt tahu semua bahasa daerah di indonesia,"['apa', 'chatgpt', 'tahu', 'semua', 'bahasa', 'daerah', 'di', 'indonesia']","['chatgpt', 'bahasa', 'daerah', 'indonesia']","['chatgpt', 'bahasa', 'daerah', 'indonesia']",negatif
"Ngomong2 AI.
Sekarang sudah ada AI yang menjadi Vtuber/ Youtuber Virtual.
Nama chanelnya itu Neuro sama",Ngomong AI Sekarang sudah ada AI yang menjadi Vtuber Youtuber Virtual Nama chanelnya itu Neuro sama,ngomong ai sekarang sudah ada ai yang menjadi vtuber youtuber virtual nama chanelnya itu neuro sama,ngomong ai sekarang sudah ada ai yang menjadi vtuber youtuber virtual nama chanelnya itu neuro sama,"['ngomong', 'ai', 'sekarang', 'sudah', 'ada', 'ai', 'yang', 'menjadi', 'vtuber', 'youtuber', 'virtual', 'nama', 'chanelnya', 'itu', 'neuro', 'sama']","['ngomong', 'ai', 'ai', 'vtuber', 'youtuber', 'virtual', 'nama', 'chanelnya', 'neuro']","['ngomong', 'ai', 'ai', 'vtuber', 'youtuber', 'virtual', 'nama', 'chanelnya', 'neuro']",negatif
Cikal bakal emosi robot mekanik di masa depan,Cikal bakal emosi robot mekanik di masa depan,cikal bakal emosi robot mekanik di masa depan,cikal bakal emosi robot mekanik di masa depan,"['cikal', 'bakal', 'emosi', 'robot', 'mekanik', 'di', 'masa', 'depan']","['cikal', 'emosi', 'robot', 'mekanik']","['cikal', 'emosi', 'robot', 'mekanik']",negatif
Jawaban chatgpt ini bisa sama gak dgn jawaban orang lain klw pertannyaannya sama? Ada yang pernah nyoba? Aku takut klw buat essay tp sama persis dgn org lain.,Jawaban chatgpt ini bisa sama gak dgn jawaban orang lain klw pertannyaannya sama Ada yang pernah nyoba Aku takut klw buat essay tp sama persis dgn org lain,jawaban chatgpt ini bisa sama gak dgn jawaban orang lain klw pertannyaannya sama ada yang pernah nyoba aku takut klw buat essay tp sama persis dgn org lain,jawaban chatgpt ini bisa sama tidak dengan jawaban orang lain klw pertannyaannya sama ada yang pernah nyoba aku takut klw buat essay tapi sama persis dengan orang lain,"['jawaban', 'chatgpt', 'ini', 'bisa', 'sama', 'tidak', 'dengan', 'jawaban', 'orang', 'lain', 'klw', 'pertannyaannya', 'sama', 'ada', 'yang', 'pernah', 'nyoba', 'aku', 'takut', 'klw', 'buat', 'essay', 'tapi', 'sama', 'persis', 'dengan', 'orang', 'lain']","['chatgpt', 'orang', 'klw', 'pertannyaannya', 'nyoba', 'takut', 'klw', 'essay', 'persis', 'orang']","['chatgpt', 'orang', 'klw', 'pertannyaannya', 'nyoba', 'takut', 'klw', 'essay', 'persis', 'orang']",negatif
"Dan ChatGPT saat ini servernya sudah mulai lelah, wkwk",Dan ChatGPT saat ini servernya sudah mulai lelah wkwk,dan chatgpt saat ini servernya sudah mulai lelah wkwk,dan chatgpt saat ini servernya sudah mulai lelah wkwk,"['dan', 'chatgpt', 'saat', 'ini', 'servernya', 'sudah', 'mulai', 'lelah', 'wkwk']","['chatgpt', 'servernya', 'lelah', 'wkwk']","['chatgpt', 'servernya', 'lelah', 'wkwk']",negatif
Cara mengakses chatgpt dmn?,Cara mengakses chatgpt dmn,cara mengakses chatgpt dmn,cara mengakses chatgpt dmn,"['cara', 'mengakses', 'chatgpt', 'dmn']","['mengakses', 'chatgpt', 'dmn']","['akses', 'chatgpt', 'dmn']",negatif
"Kok makin lama malahan makin menakutkan,. ",Kok makin lama malahan makin menakutkan,kok makin lama malahan makin menakutkan,kok makin lama malahan makin menakutkan,"['kok', 'makin', 'lama', 'malahan', 'makin', 'menakutkan']",['menakutkan'],['takut'],negatif
Apakah chatgpt akan mampu memboat robot trading forex yg mumpuni?,Apakah chatgpt akan mampu memboat robot trading forex yg mumpuni,apakah chatgpt akan mampu memboat robot trading forex yg mumpuni,apakah chatgpt akan mampu memboat robot trading forex yang mumpuni,"['apakah', 'chatgpt', 'akan', 'mampu', 'memboat', 'robot', 'trading', 'forex', 'yang', 'mumpuni']","['chatgpt', 'memboat', 'robot', 'trading', 'forex', 'mumpuni']","['chatgpt', 'memboat', 'robot', 'trading', 'forex', 'mumpuni']",negatif
Ada yang bilang CHATGPT adalah Google pakai  steroid ,Ada yang bilang CHATGPT adalah Google pakai steroid,ada yang bilang chatgpt adalah google pakai steroid,ada yang bilang chatgpt adalah google pakai steroid,"['ada', 'yang', 'bilang', 'chatgpt', 'adalah', 'google', 'pakai', 'steroid']","['bilang', 'chatgpt', 'google', 'pakai', 'steroid']","['bilang', 'chatgpt', 'google', 'pakai', 'steroid']",negatif
Era 5.0 akan segera terjadi ..,Era akan segera terjadi,era akan segera terjadi,era akan segera terjadi,"['era', 'akan', 'segera', 'terjadi']",['era'],['era'],negatif
Buat abstrak buat penelitian juga bisa mana di cek plagiasi 0 persen bukan main emang chat gpt ini,Buat abstrak buat penelitian juga bisa mana di cek plagiasi persen bukan main emang chat gpt ini,buat abstrak buat penelitian juga bisa mana di cek plagiasi persen bukan main emang chat gpt ini,buat abstrak buat penelitian juga bisa mana di cek plagiasi persen bukan main emang chat gpt ini,"['buat', 'abstrak', 'buat', 'penelitian', 'juga', 'bisa', 'mana', 'di', 'cek', 'plagiasi', 'persen', 'bukan', 'main', 'emang', 'chat', 'gpt', 'ini']","['abstrak', 'penelitian', 'cek', 'plagiasi', 'persen', 'main', 'emang', 'chat', 'gpt']","['abstrak', 'teliti', 'cek', 'plagiasi', 'persen', 'main', 'emang', 'chat', 'gpt']",negatif
Customer service ketar ketir,Customer service ketar ketir,customer service ketar ketir,customer service ketar ketir,"['customer', 'service', 'ketar', 'ketir']","['customer', 'service', 'ketar', 'ketir']","['customer', 'service', 'ketar', 'tir']",negatif
Level 1 aja udh segila itu apa lagi klo level selanjutnya di masa depan,Level aja udh segila itu apa lagi klo level selanjutnya di masa depan,level aja udh segila itu apa lagi klo level selanjutnya di masa depan,level aja sudah segila itu apa lagi kalau level selanjutnya di masa depan,"['level', 'aja', 'sudah', 'segila', 'itu', 'apa', 'lagi', 'kalau', 'level', 'selanjutnya', 'di', 'masa', 'depan']","['level', 'aja', 'segila', 'level']","['level', 'aja', 'gila', 'level']",negatif
Punya ku bisa dihp tapi dileptop jawabannya hanya An error' accurred,Punya ku bisa dihp tapi dileptop jawabannya hanya An error accurred,punya ku bisa dihp tapi dileptop jawabannya hanya an error accurred,punya ku bisa dihp tapi dileptop jawabannya hanya an error accurred,"['punya', 'ku', 'bisa', 'dihp', 'tapi', 'dileptop', 'jawabannya', 'hanya', 'an', 'error', 'accurred']","['ku', 'dihp', 'dileptop', 'jawabannya', 'an', 'error', 'accurred']","['ku', 'dihp', 'dileptop', 'jawab', 'an', 'error', 'accurred']",negatif
"Terlalu banyak konten kreator yg mempromosikan saingan geogle yg kadang ngaco dan nyasar ini.. Big,, 
Somepeople tak mau kalah sudah menciptakan saingan crypto yg nilainya jauh lebih rahasia dari bitcoin mungkin layaknya seperti  ****bit yg pastinya belum dibocorkan dan kabarnya akan muncul 1 atau 2 tahun lagi .. Dari sifat manusia yg suka meniru dan tidak mau kalah..",Terlalu banyak konten kreator yg mempromosikan saingan geogle yg kadang ngaco dan nyasar ini Big Somepeople tak mau kalah sudah menciptakan saingan crypto yg nilainya jauh lebih rahasia dari bitcoin mungkin layaknya seperti bit yg pastinya belum dibocorkan dan kabarnya akan muncul atau tahun lagi Dari sifat manusia yg suka meniru dan tidak mau kalah,terlalu banyak konten kreator yg mempromosikan saingan geogle yg kadang ngaco dan nyasar ini big somepeople tak mau kalah sudah menciptakan saingan crypto yg nilainya jauh lebih rahasia dari bitcoin mungkin layaknya seperti bit yg pastinya belum dibocorkan dan kabarnya akan muncul atau tahun lagi dari sifat manusia yg suka meniru dan tidak mau kalah,terlalu banyak konten kreator yang mempromosikan saingan geogle yang kadang ngaco dan nyasar ini big somepeople tak mau kalah sudah menciptakan saingan crypto yang nilainya jauh lebih rahasia dari bitcoin mungkin layaknya seperti bit yang pastinya belum dibocorkan dan kabarnya akan muncul atau tahun lagi dari sifat manusia yang suka meniru dan tidak mau kalah,"['terlalu', 'banyak', 'konten', 'kreator', 'yang', 'mempromosikan', 'saingan', 'geogle', 'yang', 'kadang', 'ngaco', 'dan', 'nyasar', 'ini', 'big', 'somepeople', 'tak', 'mau', 'kalah', 'sudah', 'menciptakan', 'saingan', 'crypto', 'yang', 'nilainya', 'jauh', 'lebih', 'rahasia', 'dari', 'bitcoin', 'mungkin', 'layaknya', 'seperti', 'bit', 'yang', 'pastinya', 'belum', 'dibocorkan', 'dan', 'kabarnya', 'akan', 'muncul', 'atau', 'tahun', 'lagi', 'dari', 'sifat', 'manusia', 'yang', 'suka', 'meniru', 'dan', 'tidak', 'mau', 'kalah']","['konten', 'kreator', 'mempromosikan', 'saingan', 'geogle', 'kadang', 'ngaco', 'nyasar', 'big', 'somepeople', 'kalah', 'menciptakan', 'saingan', 'crypto', 'nilainya', 'rahasia', 'bitcoin', 'layaknya', 'bit', 'pastinya', 'dibocorkan', 'kabarnya', 'muncul', 'sifat', 'manusia', 'suka', 'meniru', 'kalah']","['konten', 'kreator', 'promosi', 'saing', 'geogle', 'kadang', 'ngaco', 'nyasar', 'big', 'somepeople', 'kalah', 'cipta', 'saing', 'crypto', 'nilai', 'rahasia', 'bitcoin', 'layak', 'bit', 'pasti', 'bocor', 'kabar', 'muncul', 'sifat', 'manusia', 'suka', 'tiru', 'kalah']",negatif
ChatGPT ini mirip dengan film M3GAN,ChatGPT ini mirip dengan film M GAN,chatgpt ini mirip dengan film m gan,chatgpt ini mirip dengan film m agang,"['chatgpt', 'ini', 'mirip', 'dengan', 'film', 'm', 'agang']","['chatgpt', 'film', 'agang']","['chatgpt', 'film', 'agang']",negatif
"ngekek pas tanya tentang pertanahan dok , iya jawabannya bener sih , ditanya dasar hukumnya langsung dijawab , begitu dicek beda dong permen yg dijawabnya , wkwkwk ya saya goblok goblokin habis itu saya benerin buat ngetrain modelnya",ngekek pas tanya tentang pertanahan dok iya jawabannya bener sih ditanya dasar hukumnya langsung dijawab begitu dicek beda dong permen yg dijawabnya wkwkwk ya saya goblok goblokin habis itu saya benerin buat ngetrain modelnya,ngekek pas tanya tentang pertanahan dok iya jawabannya bener sih ditanya dasar hukumnya langsung dijawab begitu dicek beda dong permen yg dijawabnya wkwkwk ya saya goblok goblokin habis itu saya benerin buat ngetrain modelnya,ngekek pas tanya tentang pertanahan dok iya jawabannya bener sih ditanya dasar hukumnya langsung dijawab begitu dicek beda dong permen yang dijawabnya wkwkwk iya saya goblok goblokin habis itu saya benerin buat ngetrain modelnya,"['ngekek', 'pas', 'tanya', 'tentang', 'pertanahan', 'dok', 'iya', 'jawabannya', 'bener', 'sih', 'ditanya', 'dasar', 'hukumnya', 'langsung', 'dijawab', 'begitu', 'dicek', 'beda', 'dong', 'permen', 'yang', 'dijawabnya', 'wkwkwk', 'iya', 'saya', 'goblok', 'goblokin', 'habis', 'itu', 'saya', 'benerin', 'buat', 'ngetrain', 'modelnya']","['ngekek', 'pas', 'pertanahan', 'dok', 'iya', 'jawabannya', 'bener', 'sih', 'dasar', 'hukumnya', 'langsung', 'dicek', 'beda', 'permen', 'dijawabnya', 'wkwkwk', 'iya', 'goblok', 'goblokin', 'habis', 'benerin', 'ngetrain', 'modelnya']","['ngekek', 'pas', 'tanah', 'dok', 'iya', 'jawab', 'bener', 'sih', 'dasar', 'hukum', 'langsung', 'cek', 'beda', 'permen', 'jawab', 'wkwkwk', 'iya', 'goblok', 'goblokin', 'habis', 'benerin', 'ngetrain', 'model']",negatif
Akhir akhir ini lemot banget chatGPT ,Akhir akhir ini lemot banget chatGPT,akhir akhir ini lemot banget chatgpt,akhir akhir ini lemot banget chatgpt,"['akhir', 'akhir', 'ini', 'lemot', 'banget', 'chatgpt']","['lemot', 'banget', 'chatgpt']","['lot', 'banget', 'chatgpt']",negatif
Anda salah ChatGPT tidak bisa menjawab semua Jawaban ada yang tidak bisa di Jawabnya,Anda salah ChatGPT tidak bisa menjawab semua Jawaban ada yang tidak bisa di Jawabnya,anda salah chatgpt tidak bisa menjawab semua jawaban ada yang tidak bisa di jawabnya,anda salah chatgpt tidak bisa menjawab semua jawaban ada yang tidak bisa di jawabnya,"['anda', 'salah', 'chatgpt', 'tidak', 'bisa', 'menjawab', 'semua', 'jawaban', 'ada', 'yang', 'tidak', 'bisa', 'di', 'jawabnya']","['salah', 'chatgpt']","['salah', 'chatgpt']",negatif
 @pangeranalfansuryalfansury1827  pemusnahan massal bagi yg beban ,pemusnahan massal bagi yg beban,pemusnahan massal bagi yg beban,pemusnahan massal bagi yang beban,"['pemusnahan', 'massal', 'bagi', 'yang', 'beban']","['pemusnahan', 'massal', 'beban']","['musnah', 'massal', 'beban']",negatif
kalo Ai udah bisa ganti genteng bocor baru ketar ketir ,kalo Ai udah bisa ganti genteng bocor baru ketar ketir,kalo ai udah bisa ganti genteng bocor baru ketar ketir,kalau ai udah bisa ganti genteng bocor baru ketar ketir,"['kalau', 'ai', 'udah', 'bisa', 'ganti', 'genteng', 'bocor', 'baru', 'ketar', 'ketir']","['ai', 'udah', 'ganti', 'genteng', 'bocor', 'ketar', 'ketir']","['ai', 'udah', 'ganti', 'genteng', 'bocor', 'ketar', 'tir']",negatif
Kagak bisa memprediksi skor bola,Kagak bisa memprediksi skor bola,kagak bisa memprediksi skor bola,kagak bisa memprediksi skor bola,"['kagak', 'bisa', 'memprediksi', 'skor', 'bola']","['kagak', 'memprediksi', 'skor', 'bola']","['kagak', 'prediksi', 'skor', 'bola']",negatif
Anak turunnya Simsimi,Anak turunnya Simsimi,anak turunnya simsimi,anak turunnya simsimi,"['anak', 'turunnya', 'simsimi']","['anak', 'turunnya', 'simsimi']","['anak', 'turun', 'simsimi']",negatif
"Kalo AI ny nolak permintaan kita gimana, emang sih AI sprti ChatGPT mau jawab pertanyaan kita apapun itu, tapi AI itu jg punya kesadaran, dan dia bisa nolak permintaan kita",Kalo AI ny nolak permintaan kita gimana emang sih AI sprti ChatGPT mau jawab pertanyaan kita apapun itu tapi AI itu jg punya kesadaran dan dia bisa nolak permintaan kita,kalo ai ny nolak permintaan kita gimana emang sih ai sprti chatgpt mau jawab pertanyaan kita apapun itu tapi ai itu jg punya kesadaran dan dia bisa nolak permintaan kita,kalau ai ny nolak permintaan kita gimana emang sih ai sprti chatgpt mau jawab pertanyaan kita apapun itu tapi ai itu juga punya kesadaran dan dia bisa nolak permintaan kita,"['kalau', 'ai', 'ny', 'nolak', 'permintaan', 'kita', 'gimana', 'emang', 'sih', 'ai', 'sprti', 'chatgpt', 'mau', 'jawab', 'pertanyaan', 'kita', 'apapun', 'itu', 'tapi', 'ai', 'itu', 'juga', 'punya', 'kesadaran', 'dan', 'dia', 'bisa', 'nolak', 'permintaan', 'kita']","['ai', 'ny', 'nolak', 'permintaan', 'gimana', 'emang', 'sih', 'ai', 'sprti', 'chatgpt', 'apapun', 'ai', 'kesadaran', 'nolak', 'permintaan']","['ai', 'ny', 'nolak', 'minta', 'gimana', 'emang', 'sih', 'ai', 'sprti', 'chatgpt', 'apa', 'ai', 'sadar', 'nolak', 'minta']",negatif
JADI MALES SEKOLAH APALAGI KULIAH ,JADI MALES SEKOLAH APALAGI KULIAH,jadi males sekolah apalagi kuliah,jadi males sekolah apalagi kuliah,"['jadi', 'males', 'sekolah', 'apalagi', 'kuliah']","['males', 'sekolah', 'kuliah']","['males', 'sekolah', 'kuliah']",negatif
"wah, gk asih..ada
 GPT zero",wah gk asih ada GPT zero,wah gk asih ada gpt zero,wah tidak asih ada gpt zero,"['wah', 'tidak', 'asih', 'ada', 'gpt', 'zero']","['asih', 'gpt', 'zero']","['asih', 'gpt', 'zero']",negatif
Ngeri ngeri sedap coach,Ngeri ngeri sedap coach,ngeri ngeri sedap coach,ngeri ngeri sedap coach,"['ngeri', 'ngeri', 'sedap', 'coach']","['ngeri', 'ngeri', 'sedap', 'coach']","['ngeri', 'ngeri', 'sedap', 'coach']",negatif
Ngeri ini.,Ngeri ini,ngeri ini,ngeri ini,"['ngeri', 'ini']",['ngeri'],['ngeri'],negatif
"Karena memang buat latihan AI aja, sama karena banyak yang pake juga",Karena memang buat latihan AI aja sama karena banyak yang pake juga,karena memang buat latihan ai aja sama karena banyak yang pake juga,karena memang buat latihan ai aja sama karena banyak yang pake juga,"['karena', 'memang', 'buat', 'latihan', 'ai', 'aja', 'sama', 'karena', 'banyak', 'yang', 'pake', 'juga']","['latihan', 'ai', 'aja', 'pake']","['latih', 'ai', 'aja', 'pake']",negatif
Kalau Dimasukan ke robot gimana tuh,Kalau Dimasukan ke robot gimana tuh,kalau dimasukan ke robot gimana tuh,kalau dimasukan ke robot gimana tuh,"['kalau', 'dimasukan', 'ke', 'robot', 'gimana', 'tuh']","['dimasukan', 'robot', 'gimana', 'tuh']","['masuk', 'robot', 'gimana', 'tuh']",negatif
Tapi ko saya gak bisa akses chatGPT itu y?,Tapi ko saya gak bisa akses chatGPT itu y,tapi ko saya gak bisa akses chatgpt itu y,tapi ko saya tidak bisa akses chatgpt itu ya,"['tapi', 'ko', 'saya', 'tidak', 'bisa', 'akses', 'chatgpt', 'itu', 'ya']","['ko', 'akses', 'chatgpt', 'ya']","['ko', 'akses', 'chatgpt', 'ya']",negatif
Biasa saja karena tidak bisa menjawab pemenang piala dunia 2022,Biasa saja karena tidak bisa menjawab pemenang piala dunia,biasa saja karena tidak bisa menjawab pemenang piala dunia,biasa saja karena tidak bisa menjawab pemenang piala dunia,"['biasa', 'saja', 'karena', 'tidak', 'bisa', 'menjawab', 'pemenang', 'piala', 'dunia']","['pemenang', 'piala', 'dunia']","['menang', 'piala', 'dunia']",negatif
age of ultron,age of ultron,age of ultron,age of ultron,"['age', 'of', 'ultron']","['age', 'of', 'ultron']","['age', 'of', 'ultron']",negatif
Kan dia lagi demo,Kan dia lagi demo,kan dia lagi demo,kan dia lagi demo,"['kan', 'dia', 'lagi', 'demo']",['demo'],['demo'],negatif
"Chatgpt jelek, ngak usah dibahas. Ngak bisa menebak kejadian yg akan datang jadi chatgpt jelek lah.",Chatgpt jelek ngak usah dibahas Ngak bisa menebak kejadian yg akan datang jadi chatgpt jelek lah,chatgpt jelek ngak usah dibahas ngak bisa menebak kejadian yg akan datang jadi chatgpt jelek lah,chatgpt jelek ngak usah dibahas ngak bisa menebak kejadian yang akan datang jadi chatgpt jelek lah,"['chatgpt', 'jelek', 'ngak', 'usah', 'dibahas', 'ngak', 'bisa', 'menebak', 'kejadian', 'yang', 'akan', 'datang', 'jadi', 'chatgpt', 'jelek', 'lah']","['chatgpt', 'jelek', 'ngak', 'dibahas', 'ngak', 'menebak', 'kejadian', 'chatgpt', 'jelek']","['chatgpt', 'jelek', 'ngak', 'bahas', 'ngak', 'tebak', 'jadi', 'chatgpt', 'jelek']",negatif
Terminator era,Terminator era,terminator era,terminator era,"['terminator', 'era']","['terminator', 'era']","['terminator', 'era']",negatif
Lebih tepatnya calculator otak kanan,Lebih tepatnya calculator otak kanan,lebih tepatnya calculator otak kanan,lebih tepatnya calculator otak kanan,"['lebih', 'tepatnya', 'calculator', 'otak', 'kanan']","['tepatnya', 'calculator', 'otak', 'kanan']","['tepat', 'calculator', 'otak', 'kanan']",negatif
"Universal basic income...
ehem.. ehem...
batuk batuk",Universal basic income ehem ehem batuk batuk,universal basic income ehem ehem batuk batuk,universal basic income ehem ehem batuk batuk,"['universal', 'basic', 'income', 'ehem', 'ehem', 'batuk', 'batuk']","['universal', 'basic', 'income', 'ehem', 'ehem', 'batuk', 'batuk']","['universal', 'basic', 'income', 'ehem', 'ehem', 'batuk', 'batuk']",negatif
UBI itu aman kok... ehem.. ehem.. batuk batuk ,UBI itu aman kok ehem ehem batuk batuk,ubi itu aman kok ehem ehem batuk batuk,ubi itu aman kok ehem ehem batuk batuk,"['ubi', 'itu', 'aman', 'kok', 'ehem', 'ehem', 'batuk', 'batuk']","['ubi', 'aman', 'ehem', 'ehem', 'batuk', 'batuk']","['ubi', 'aman', 'ehem', 'ehem', 'batuk', 'batuk']",negatif
kalah mbah google....,kalah mbah google,kalah mbah google,kalah mbah google,"['kalah', 'mbah', 'google']","['kalah', 'mbah', 'google']","['kalah', 'mbah', 'google']",negatif
